[
	{
		"fact_order_key" : 1,
		"rental_key" : 76,
		"store_key" : 2,
		"film_key" : 663,
		"customer_key" : 1,
		"staff_key" : 2,
		"rental_date_key" : 20050823,
		"return_date_key" : 20050830,
		"payment_date_key" : 20050823,
		"amount" : 2.99
	},
	{
		"fact_order_key" : 2,
		"rental_key" : 573,
		"store_key" : 2,
		"film_key" : 875,
		"customer_key" : 1,
		"staff_key" : 1,
		"rental_date_key" : 20050823,
		"return_date_key" : 20050830,
		"payment_date_key" : 20050823,
		"amount" : 0.99
	},
	{
		"fact_order_key" : 3,
		"rental_key" : 1185,
		"store_key" : 1,
		"film_key" : 611,
		"customer_key" : 1,
		"staff_key" : 2,
		"rental_date_key" : 20050823,
		"return_date_key" : 20050830,
		"payment_date_key" : 20050823,
		"amount" : 5.99
	},
	{
		"fact_order_key" : 4,
		"rental_key" : 1422,
		"store_key" : 2,
		"film_key" : 228,
		"customer_key" : 1,
		"staff_key" : 2,
		"rental_date_key" : 20050823,
		"return_date_key" : 20050830,
		"payment_date_key" : 20050823,
		"amount" : 0.99
	},
	{
		"fact_order_key" : 5,
		"rental_key" : 1476,
		"store_key" : 1,
		"film_key" : 308,
		"customer_key" : 1,
		"staff_key" : 1,
		"rental_date_key" : 20050823,
		"return_date_key" : 20050830,
		"payment_date_key" : 20050823,
		"amount" : 9.99
	},
	{
		"fact_order_key" : 6,
		"rental_key" : 1725,
		"store_key" : 1,
		"film_key" : 159,
		"customer_key" : 1,
		"staff_key" : 1,
		"rental_date_key" : 20050823,
		"return_date_key" : 20050830,
		"payment_date_key" : 20050823,
		"amount" : 4.99
	},
	{
		"fact_order_key" : 7,
		"rental_key" : 2308,
		"store_key" : 1,
		"film_key" : 44,
		"customer_key" : 1,
		"staff_key" : 2,
		"rental_date_key" : 20050823,
		"return_date_key" : 20050830,
		"payment_date_key" : 20050823,
		"amount" : 4.99
	},
	{
		"fact_order_key" : 8,
		"rental_key" : 2363,
		"store_key" : 1,
		"film_key" : 766,
		"customer_key" : 1,
		"staff_key" : 1,
		"rental_date_key" : 20050823,
		"return_date_key" : 20050830,
		"payment_date_key" : 20050823,
		"amount" : 0.99
	},
	{
		"fact_order_key" : 9,
		"rental_key" : 3284,
		"store_key" : 1,
		"film_key" : 997,
		"customer_key" : 1,
		"staff_key" : 1,
		"rental_date_key" : 20050823,
		"return_date_key" : 20050830,
		"payment_date_key" : 20050823,
		"amount" : 3.99
	},
	{
		"fact_order_key" : 10,
		"rental_key" : 4526,
		"store_key" : 2,
		"film_key" : 316,
		"customer_key" : 1,
		"staff_key" : 2,
		"rental_date_key" : 20050823,
		"return_date_key" : 20050830,
		"payment_date_key" : 20050823,
		"amount" : 5.99
	},
	{
		"fact_order_key" : 11,
		"rental_key" : 4611,
		"store_key" : 1,
		"film_key" : 764,
		"customer_key" : 1,
		"staff_key" : 2,
		"rental_date_key" : 20050823,
		"return_date_key" : 20050830,
		"payment_date_key" : 20050823,
		"amount" : 5.99
	},
	{
		"fact_order_key" : 12,
		"rental_key" : 5244,
		"store_key" : 2,
		"film_key" : 814,
		"customer_key" : 1,
		"staff_key" : 2,
		"rental_date_key" : 20050823,
		"return_date_key" : 20050830,
		"payment_date_key" : 20050823,
		"amount" : 4.99
	},
	{
		"fact_order_key" : 13,
		"rental_key" : 5326,
		"store_key" : 1,
		"film_key" : 174,
		"customer_key" : 1,
		"staff_key" : 1,
		"rental_date_key" : 20050823,
		"return_date_key" : 20050830,
		"payment_date_key" : 20050823,
		"amount" : 4.99
	},
	{
		"fact_order_key" : 14,
		"rental_key" : 6163,
		"store_key" : 1,
		"film_key" : 294,
		"customer_key" : 1,
		"staff_key" : 2,
		"rental_date_key" : 20050823,
		"return_date_key" : 20050830,
		"payment_date_key" : 20050823,
		"amount" : 7.99
	},
	{
		"fact_order_key" : 15,
		"rental_key" : 7273,
		"store_key" : 1,
		"film_key" : 539,
		"customer_key" : 1,
		"staff_key" : 1,
		"rental_date_key" : 20050823,
		"return_date_key" : 20050830,
		"payment_date_key" : 20050823,
		"amount" : 2.99
	},
	{
		"fact_order_key" : 16,
		"rental_key" : 7841,
		"store_key" : 2,
		"film_key" : 243,
		"customer_key" : 1,
		"staff_key" : 2,
		"rental_date_key" : 20050823,
		"return_date_key" : 20050830,
		"payment_date_key" : 20050823,
		"amount" : 4.99
	},
	{
		"fact_order_key" : 17,
		"rental_key" : 8033,
		"store_key" : 1,
		"film_key" : 929,
		"customer_key" : 1,
		"staff_key" : 1,
		"rental_date_key" : 20050823,
		"return_date_key" : 20050830,
		"payment_date_key" : 20050823,
		"amount" : 4.99
	},
	{
		"fact_order_key" : 18,
		"rental_key" : 8074,
		"store_key" : 2,
		"film_key" : 341,
		"customer_key" : 1,
		"staff_key" : 1,
		"rental_date_key" : 20050823,
		"return_date_key" : 20050830,
		"payment_date_key" : 20050823,
		"amount" : 0.99
	},
	{
		"fact_order_key" : 19,
		"rental_key" : 8116,
		"store_key" : 1,
		"film_key" : 982,
		"customer_key" : 1,
		"staff_key" : 1,
		"rental_date_key" : 20050823,
		"return_date_key" : 20050830,
		"payment_date_key" : 20050823,
		"amount" : 0.99
	},
	{
		"fact_order_key" : 20,
		"rental_key" : 8326,
		"store_key" : 1,
		"film_key" : 22,
		"customer_key" : 1,
		"staff_key" : 2,
		"rental_date_key" : 20050823,
		"return_date_key" : 20050830,
		"payment_date_key" : 20050823,
		"amount" : 2.99
	},
	{
		"fact_order_key" : 21,
		"rental_key" : 9571,
		"store_key" : 1,
		"film_key" : 480,
		"customer_key" : 1,
		"staff_key" : 2,
		"rental_date_key" : 20050823,
		"return_date_key" : 20050830,
		"payment_date_key" : 20050823,
		"amount" : 2.99
	},
	{
		"fact_order_key" : 22,
		"rental_key" : 10437,
		"store_key" : 2,
		"film_key" : 3,
		"customer_key" : 1,
		"staff_key" : 1,
		"rental_date_key" : 20050823,
		"return_date_key" : 20050830,
		"payment_date_key" : 20050823,
		"amount" : 4.99
	},
	{
		"fact_order_key" : 23,
		"rental_key" : 11299,
		"store_key" : 2,
		"film_key" : 709,
		"customer_key" : 1,
		"staff_key" : 2,
		"rental_date_key" : 20050823,
		"return_date_key" : 20050830,
		"payment_date_key" : 20050823,
		"amount" : 3.99
	},
	{
		"fact_order_key" : 24,
		"rental_key" : 11367,
		"store_key" : 2,
		"film_key" : 315,
		"customer_key" : 1,
		"staff_key" : 1,
		"rental_date_key" : 20050823,
		"return_date_key" : 20050830,
		"payment_date_key" : 20050823,
		"amount" : 0.99
	},
	{
		"fact_order_key" : 25,
		"rental_key" : 11824,
		"store_key" : 1,
		"film_key" : 579,
		"customer_key" : 1,
		"staff_key" : 2,
		"rental_date_key" : 20050823,
		"return_date_key" : 20050830,
		"payment_date_key" : 20050823,
		"amount" : 4.99
	},
	{
		"fact_order_key" : 26,
		"rental_key" : 12250,
		"store_key" : 2,
		"film_key" : 204,
		"customer_key" : 1,
		"staff_key" : 1,
		"rental_date_key" : 20050823,
		"return_date_key" : 20050830,
		"payment_date_key" : 20050823,
		"amount" : 0.99
	},
	{
		"fact_order_key" : 27,
		"rental_key" : 13068,
		"store_key" : 1,
		"film_key" : 663,
		"customer_key" : 1,
		"staff_key" : 2,
		"rental_date_key" : 20050823,
		"return_date_key" : 20050830,
		"payment_date_key" : 20050823,
		"amount" : 0.99
	},
	{
		"fact_order_key" : 28,
		"rental_key" : 13176,
		"store_key" : 1,
		"film_key" : 490,
		"customer_key" : 1,
		"staff_key" : 2,
		"rental_date_key" : 20050823,
		"return_date_key" : 20050830,
		"payment_date_key" : 20050823,
		"amount" : 2.99
	},
	{
		"fact_order_key" : 29,
		"rental_key" : 14762,
		"store_key" : 1,
		"film_key" : 924,
		"customer_key" : 1,
		"staff_key" : 1,
		"rental_date_key" : 20050823,
		"return_date_key" : 20050830,
		"payment_date_key" : 20050823,
		"amount" : 0.99
	},
	{
		"fact_order_key" : 30,
		"rental_key" : 14825,
		"store_key" : 2,
		"film_key" : 317,
		"customer_key" : 1,
		"staff_key" : 2,
		"rental_date_key" : 20050823,
		"return_date_key" : 20050830,
		"payment_date_key" : 20050823,
		"amount" : 1.99
	},
	{
		"fact_order_key" : 31,
		"rental_key" : 15298,
		"store_key" : 1,
		"film_key" : 317,
		"customer_key" : 1,
		"staff_key" : 1,
		"rental_date_key" : 20050823,
		"return_date_key" : 20050830,
		"payment_date_key" : 20050823,
		"amount" : 2.99
	},
	{
		"fact_order_key" : 32,
		"rental_key" : 15315,
		"store_key" : 1,
		"film_key" : 70,
		"customer_key" : 1,
		"staff_key" : 2,
		"rental_date_key" : 20050823,
		"return_date_key" : 20050830,
		"payment_date_key" : 20050823,
		"amount" : 5.99
	},
	{
		"fact_order_key" : 33,
		"rental_key" : 320,
		"store_key" : 1,
		"film_key" : 243,
		"customer_key" : 2,
		"staff_key" : 2,
		"rental_date_key" : 20050823,
		"return_date_key" : 20050830,
		"payment_date_key" : 20050823,
		"amount" : 4.99
	},
	{
		"fact_order_key" : 34,
		"rental_key" : 2128,
		"store_key" : 1,
		"film_key" : 78,
		"customer_key" : 2,
		"staff_key" : 2,
		"rental_date_key" : 20050823,
		"return_date_key" : 20050830,
		"payment_date_key" : 20050823,
		"amount" : 2.99
	},
	{
		"fact_order_key" : 35,
		"rental_key" : 5636,
		"store_key" : 1,
		"film_key" : 895,
		"customer_key" : 2,
		"staff_key" : 1,
		"rental_date_key" : 20050823,
		"return_date_key" : 20050830,
		"payment_date_key" : 20050823,
		"amount" : 2.99
	},
	{
		"fact_order_key" : 36,
		"rental_key" : 5755,
		"store_key" : 1,
		"film_key" : 606,
		"customer_key" : 2,
		"staff_key" : 1,
		"rental_date_key" : 20050823,
		"return_date_key" : 20050830,
		"payment_date_key" : 20050823,
		"amount" : 6.99
	},
	{
		"fact_order_key" : 37,
		"rental_key" : 7346,
		"store_key" : 2,
		"film_key" : 162,
		"customer_key" : 2,
		"staff_key" : 1,
		"rental_date_key" : 20050823,
		"return_date_key" : 20050830,
		"payment_date_key" : 20050823,
		"amount" : 4.99
	},
	{
		"fact_order_key" : 38,
		"rental_key" : 7376,
		"store_key" : 1,
		"film_key" : 109,
		"customer_key" : 2,
		"staff_key" : 2,
		"rental_date_key" : 20050823,
		"return_date_key" : 20050830,
		"payment_date_key" : 20050823,
		"amount" : 5.99
	},
	{
		"fact_order_key" : 39,
		"rental_key" : 7459,
		"store_key" : 1,
		"film_key" : 446,
		"customer_key" : 2,
		"staff_key" : 2,
		"rental_date_key" : 20050823,
		"return_date_key" : 20050830,
		"payment_date_key" : 20050823,
		"amount" : 5.99
	},
	{
		"fact_order_key" : 40,
		"rental_key" : 8230,
		"store_key" : 2,
		"film_key" : 421,
		"customer_key" : 2,
		"staff_key" : 2,
		"rental_date_key" : 20050823,
		"return_date_key" : 20050830,
		"payment_date_key" : 20050823,
		"amount" : 5.99
	},
	{
		"fact_order_key" : 41,
		"rental_key" : 8598,
		"store_key" : 1,
		"film_key" : 136,
		"customer_key" : 2,
		"staff_key" : 2,
		"rental_date_key" : 20050823,
		"return_date_key" : 20050830,
		"payment_date_key" : 20050823,
		"amount" : 2.99
	},
	{
		"fact_order_key" : 42,
		"rental_key" : 8705,
		"store_key" : 2,
		"film_key" : 879,
		"customer_key" : 2,
		"staff_key" : 1,
		"rental_date_key" : 20050823,
		"return_date_key" : 20050830,
		"payment_date_key" : 20050823,
		"amount" : 5.99
	},
	{
		"fact_order_key" : 43,
		"rental_key" : 9031,
		"store_key" : 2,
		"film_key" : 518,
		"customer_key" : 2,
		"staff_key" : 2,
		"rental_date_key" : 20050823,
		"return_date_key" : 20050830,
		"payment_date_key" : 20050823,
		"amount" : 4.99
	},
	{
		"fact_order_key" : 44,
		"rental_key" : 9236,
		"store_key" : 2,
		"film_key" : 878,
		"customer_key" : 2,
		"staff_key" : 1,
		"rental_date_key" : 20050823,
		"return_date_key" : 20050830,
		"payment_date_key" : 20050823,
		"amount" : 10.99
	},
	{
		"fact_order_key" : 45,
		"rental_key" : 9248,
		"store_key" : 2,
		"film_key" : 303,
		"customer_key" : 2,
		"staff_key" : 1,
		"rental_date_key" : 20050823,
		"return_date_key" : 20050830,
		"payment_date_key" : 20050823,
		"amount" : 0.99
	},
	{
		"fact_order_key" : 46,
		"rental_key" : 9296,
		"store_key" : 1,
		"film_key" : 891,
		"customer_key" : 2,
		"staff_key" : 1,
		"rental_date_key" : 20050823,
		"return_date_key" : 20050830,
		"payment_date_key" : 20050823,
		"amount" : 6.99
	},
	{
		"fact_order_key" : 47,
		"rental_key" : 9465,
		"store_key" : 1,
		"film_key" : 678,
		"customer_key" : 2,
		"staff_key" : 2,
		"rental_date_key" : 20050823,
		"return_date_key" : 20050830,
		"payment_date_key" : 20050823,
		"amount" : 6.99
	},
	{
		"fact_order_key" : 48,
		"rental_key" : 10136,
		"store_key" : 1,
		"film_key" : 690,
		"customer_key" : 2,
		"staff_key" : 1,
		"rental_date_key" : 20050823,
		"return_date_key" : 20050830,
		"payment_date_key" : 20050823,
		"amount" : 2.99
	},
	{
		"fact_order_key" : 49,
		"rental_key" : 10466,
		"store_key" : 1,
		"film_key" : 27,
		"customer_key" : 2,
		"staff_key" : 1,
		"rental_date_key" : 20050823,
		"return_date_key" : 20050830,
		"payment_date_key" : 20050823,
		"amount" : 0.99
	},
	{
		"fact_order_key" : 50,
		"rental_key" : 10918,
		"store_key" : 2,
		"film_key" : 748,
		"customer_key" : 2,
		"staff_key" : 1,
		"rental_date_key" : 20050823,
		"return_date_key" : 20050830,
		"payment_date_key" : 20050823,
		"amount" : 0.99
	},
	{
		"fact_order_key" : 51,
		"rental_key" : 11087,
		"store_key" : 1,
		"film_key" : 142,
		"customer_key" : 2,
		"staff_key" : 2,
		"rental_date_key" : 20050823,
		"return_date_key" : 20050830,
		"payment_date_key" : 20050823,
		"amount" : 5.99
	},
	{
		"fact_order_key" : 52,
		"rental_key" : 11177,
		"store_key" : 1,
		"film_key" : 254,
		"customer_key" : 2,
		"staff_key" : 2,
		"rental_date_key" : 20050823,
		"return_date_key" : 20050830,
		"payment_date_key" : 20050823,
		"amount" : 6.99
	},
	{
		"fact_order_key" : 53,
		"rental_key" : 11256,
		"store_key" : 1,
		"film_key" : 447,
		"customer_key" : 2,
		"staff_key" : 1,
		"rental_date_key" : 20050823,
		"return_date_key" : 20050830,
		"payment_date_key" : 20050823,
		"amount" : 2.99
	},
	{
		"fact_order_key" : 54,
		"rental_key" : 11614,
		"store_key" : 2,
		"film_key" : 175,
		"customer_key" : 2,
		"staff_key" : 1,
		"rental_date_key" : 20050823,
		"return_date_key" : 20050830,
		"payment_date_key" : 20050823,
		"amount" : 2.99
	},
	{
		"fact_order_key" : 55,
		"rental_key" : 12963,
		"store_key" : 2,
		"film_key" : 331,
		"customer_key" : 2,
		"staff_key" : 2,
		"rental_date_key" : 20050823,
		"return_date_key" : 20050830,
		"payment_date_key" : 20050823,
		"amount" : 2.99
	},
	{
		"fact_order_key" : 56,
		"rental_key" : 14475,
		"store_key" : 2,
		"film_key" : 694,
		"customer_key" : 2,
		"staff_key" : 2,
		"rental_date_key" : 20050823,
		"return_date_key" : 20050830,
		"payment_date_key" : 20050823,
		"amount" : 4.99
	},
	{
		"fact_order_key" : 57,
		"rental_key" : 14743,
		"store_key" : 1,
		"film_key" : 999,
		"customer_key" : 2,
		"staff_key" : 1,
		"rental_date_key" : 20050823,
		"return_date_key" : 20050830,
		"payment_date_key" : 20050823,
		"amount" : 5.99
	},
	{
		"fact_order_key" : 58,
		"rental_key" : 15145,
		"store_key" : 1,
		"film_key" : 471,
		"customer_key" : 2,
		"staff_key" : 1,
		"rental_date_key" : 20050823,
		"return_date_key" : 20050830,
		"payment_date_key" : 20050823,
		"amount" : 4.99
	},
	{
		"fact_order_key" : 59,
		"rental_key" : 15907,
		"store_key" : 2,
		"film_key" : 637,
		"customer_key" : 2,
		"staff_key" : 1,
		"rental_date_key" : 20050823,
		"return_date_key" : 20050830,
		"payment_date_key" : 20050823,
		"amount" : 4.99
	},
	{
		"fact_order_key" : 60,
		"rental_key" : 435,
		"store_key" : 1,
		"film_key" : 732,
		"customer_key" : 3,
		"staff_key" : 2,
		"rental_date_key" : 20050823,
		"return_date_key" : 20050830,
		"payment_date_key" : 20050823,
		"amount" : 1.99
	},
	{
		"fact_order_key" : 61,
		"rental_key" : 830,
		"store_key" : 2,
		"film_key" : 759,
		"customer_key" : 3,
		"staff_key" : 1,
		"rental_date_key" : 20050823,
		"return_date_key" : 20050830,
		"payment_date_key" : 20050823,
		"amount" : 2.99
	},
	{
		"fact_order_key" : 62,
		"rental_key" : 1546,
		"store_key" : 2,
		"film_key" : 854,
		"customer_key" : 3,
		"staff_key" : 1,
		"rental_date_key" : 20050823,
		"return_date_key" : 20050830,
		"payment_date_key" : 20050823,
		"amount" : 8.99
	},
	{
		"fact_order_key" : 63,
		"rental_key" : 1726,
		"store_key" : 1,
		"film_key" : 23,
		"customer_key" : 3,
		"staff_key" : 2,
		"rental_date_key" : 20050823,
		"return_date_key" : 20050830,
		"payment_date_key" : 20050823,
		"amount" : 6.99
	},
	{
		"fact_order_key" : 64,
		"rental_key" : 1911,
		"store_key" : 1,
		"film_key" : 202,
		"customer_key" : 3,
		"staff_key" : 2,
		"rental_date_key" : 20050823,
		"return_date_key" : 20050830,
		"payment_date_key" : 20050823,
		"amount" : 6.99
	},
	{
		"fact_order_key" : 65,
		"rental_key" : 2628,
		"store_key" : 1,
		"film_key" : 855,
		"customer_key" : 3,
		"staff_key" : 2,
		"rental_date_key" : 20050823,
		"return_date_key" : 20050830,
		"payment_date_key" : 20050823,
		"amount" : 2.99
	},
	{
		"fact_order_key" : 66,
		"rental_key" : 4180,
		"store_key" : 1,
		"film_key" : 371,
		"customer_key" : 3,
		"staff_key" : 1,
		"rental_date_key" : 20050823,
		"return_date_key" : 20050830,
		"payment_date_key" : 20050823,
		"amount" : 4.99
	},
	{
		"fact_order_key" : 67,
		"rental_key" : 4725,
		"store_key" : 1,
		"film_key" : 447,
		"customer_key" : 3,
		"staff_key" : 2,
		"rental_date_key" : 20050823,
		"return_date_key" : 20050830,
		"payment_date_key" : 20050823,
		"amount" : 4.99
	},
	{
		"fact_order_key" : 68,
		"rental_key" : 7096,
		"store_key" : 2,
		"film_key" : 563,
		"customer_key" : 3,
		"staff_key" : 2,
		"rental_date_key" : 20050823,
		"return_date_key" : 20050830,
		"payment_date_key" : 20050823,
		"amount" : 5.99
	},
	{
		"fact_order_key" : 69,
		"rental_key" : 7503,
		"store_key" : 2,
		"film_key" : 126,
		"customer_key" : 3,
		"staff_key" : 2,
		"rental_date_key" : 20050823,
		"return_date_key" : 20050830,
		"payment_date_key" : 20050823,
		"amount" : 10.99
	},
	{
		"fact_order_key" : 70,
		"rental_key" : 7703,
		"store_key" : 2,
		"film_key" : 464,
		"customer_key" : 3,
		"staff_key" : 1,
		"rental_date_key" : 20050823,
		"return_date_key" : 20050830,
		"payment_date_key" : 20050823,
		"amount" : 7.99
	},
	{
		"fact_order_key" : 71,
		"rental_key" : 7724,
		"store_key" : 1,
		"film_key" : 77,
		"customer_key" : 3,
		"staff_key" : 1,
		"rental_date_key" : 20050823,
		"return_date_key" : 20050830,
		"payment_date_key" : 20050823,
		"amount" : 6.99
	},
	{
		"fact_order_key" : 72,
		"rental_key" : 7911,
		"store_key" : 1,
		"film_key" : 86,
		"customer_key" : 3,
		"staff_key" : 1,
		"rental_date_key" : 20050823,
		"return_date_key" : 20050830,
		"payment_date_key" : 20050823,
		"amount" : 4.99
	},
	{
		"fact_order_key" : 73,
		"rental_key" : 8086,
		"store_key" : 1,
		"film_key" : 263,
		"customer_key" : 3,
		"staff_key" : 2,
		"rental_date_key" : 20050823,
		"return_date_key" : 20050830,
		"payment_date_key" : 20050823,
		"amount" : 4.99
	},
	{
		"fact_order_key" : 74,
		"rental_key" : 8545,
		"store_key" : 2,
		"film_key" : 717,
		"customer_key" : 3,
		"staff_key" : 2,
		"rental_date_key" : 20050823,
		"return_date_key" : 20050830,
		"payment_date_key" : 20050823,
		"amount" : 2.99
	},
	{
		"fact_order_key" : 75,
		"rental_key" : 9226,
		"store_key" : 1,
		"film_key" : 940,
		"customer_key" : 3,
		"staff_key" : 1,
		"rental_date_key" : 20050823,
		"return_date_key" : 20050830,
		"payment_date_key" : 20050823,
		"amount" : 1.99
	},
	{
		"fact_order_key" : 76,
		"rental_key" : 9443,
		"store_key" : 1,
		"film_key" : 366,
		"customer_key" : 3,
		"staff_key" : 1,
		"rental_date_key" : 20050823,
		"return_date_key" : 20050830,
		"payment_date_key" : 20050823,
		"amount" : 3.99
	},
	{
		"fact_order_key" : 77,
		"rental_key" : 9595,
		"store_key" : 1,
		"film_key" : 621,
		"customer_key" : 3,
		"staff_key" : 1,
		"rental_date_key" : 20050823,
		"return_date_key" : 20050830,
		"payment_date_key" : 20050823,
		"amount" : 2.99
	},
	{
		"fact_order_key" : 78,
		"rental_key" : 9816,
		"store_key" : 1,
		"film_key" : 995,
		"customer_key" : 3,
		"staff_key" : 2,
		"rental_date_key" : 20050823,
		"return_date_key" : 20050830,
		"payment_date_key" : 20050823,
		"amount" : 4.99
	},
	{
		"fact_order_key" : 79,
		"rental_key" : 10597,
		"store_key" : 1,
		"film_key" : 725,
		"customer_key" : 3,
		"staff_key" : 1,
		"rental_date_key" : 20050823,
		"return_date_key" : 20050830,
		"payment_date_key" : 20050823,
		"amount" : 5.99
	},
	{
		"fact_order_key" : 80,
		"rental_key" : 12556,
		"store_key" : 1,
		"film_key" : 433,
		"customer_key" : 3,
		"staff_key" : 2,
		"rental_date_key" : 20050823,
		"return_date_key" : 20050830,
		"payment_date_key" : 20050823,
		"amount" : 4.99
	},
	{
		"fact_order_key" : 81,
		"rental_key" : 13403,
		"store_key" : 2,
		"film_key" : 711,
		"customer_key" : 3,
		"staff_key" : 1,
		"rental_date_key" : 20050823,
		"return_date_key" : 20050830,
		"payment_date_key" : 20050823,
		"amount" : 8.99
	},
	{
		"fact_order_key" : 82,
		"rental_key" : 13610,
		"store_key" : 1,
		"film_key" : 555,
		"customer_key" : 3,
		"staff_key" : 2,
		"rental_date_key" : 20050823,
		"return_date_key" : 20050830,
		"payment_date_key" : 20050823,
		"amount" : 2.99
	},
	{
		"fact_order_key" : 83,
		"rental_key" : 14699,
		"store_key" : 2,
		"film_key" : 312,
		"customer_key" : 3,
		"staff_key" : 2,
		"rental_date_key" : 20050823,
		"return_date_key" : 20050830,
		"payment_date_key" : 20050823,
		"amount" : 8.99
	},
	{
		"fact_order_key" : 84,
		"rental_key" : 15038,
		"store_key" : 2,
		"film_key" : 367,
		"customer_key" : 3,
		"staff_key" : 1,
		"rental_date_key" : 20050823,
		"return_date_key" : 20050830,
		"payment_date_key" : 20050823,
		"amount" : 0.99
	},
	{
		"fact_order_key" : 85,
		"rental_key" : 15619,
		"store_key" : 1,
		"film_key" : 540,
		"customer_key" : 3,
		"staff_key" : 2,
		"rental_date_key" : 20050823,
		"return_date_key" : 20050830,
		"payment_date_key" : 20050823,
		"amount" : 2.99
	},
	{
		"fact_order_key" : 86,
		"rental_key" : 1297,
		"store_key" : 2,
		"film_key" : 239,
		"customer_key" : 4,
		"staff_key" : 1,
		"rental_date_key" : 20050823,
		"return_date_key" : 20050830,
		"payment_date_key" : 20050823,
		"amount" : 4.99
	},
	{
		"fact_order_key" : 87,
		"rental_key" : 1633,
		"store_key" : 1,
		"film_key" : 63,
		"customer_key" : 4,
		"staff_key" : 1,
		"rental_date_key" : 20050823,
		"return_date_key" : 20050830,
		"payment_date_key" : 20050823,
		"amount" : 0.99
	},
	{
		"fact_order_key" : 88,
		"rental_key" : 1707,
		"store_key" : 2,
		"film_key" : 42,
		"customer_key" : 4,
		"staff_key" : 1,
		"rental_date_key" : 20050823,
		"return_date_key" : 20050830,
		"payment_date_key" : 20050823,
		"amount" : 2.99
	},
	{
		"fact_order_key" : 89,
		"rental_key" : 1735,
		"store_key" : 2,
		"film_key" : 19,
		"customer_key" : 4,
		"staff_key" : 1,
		"rental_date_key" : 20050823,
		"return_date_key" : 20050830,
		"payment_date_key" : 20050823,
		"amount" : 0.99
	},
	{
		"fact_order_key" : 90,
		"rental_key" : 2043,
		"store_key" : 2,
		"film_key" : 547,
		"customer_key" : 4,
		"staff_key" : 2,
		"rental_date_key" : 20050823,
		"return_date_key" : 20050830,
		"payment_date_key" : 20050823,
		"amount" : 0.99
	},
	{
		"fact_order_key" : 91,
		"rental_key" : 2642,
		"store_key" : 1,
		"film_key" : 448,
		"customer_key" : 4,
		"staff_key" : 1,
		"rental_date_key" : 20050823,
		"return_date_key" : 20050830,
		"payment_date_key" : 20050823,
		"amount" : 5.99
	},
	{
		"fact_order_key" : 92,
		"rental_key" : 7660,
		"store_key" : 1,
		"film_key" : 958,
		"customer_key" : 4,
		"staff_key" : 2,
		"rental_date_key" : 20050823,
		"return_date_key" : 20050830,
		"payment_date_key" : 20050823,
		"amount" : 2.99
	},
	{
		"fact_order_key" : 93,
		"rental_key" : 7718,
		"store_key" : 2,
		"film_key" : 784,
		"customer_key" : 4,
		"staff_key" : 2,
		"rental_date_key" : 20050823,
		"return_date_key" : 20050830,
		"payment_date_key" : 20050823,
		"amount" : 2.99
	},
	{
		"fact_order_key" : 94,
		"rental_key" : 8741,
		"store_key" : 2,
		"film_key" : 35,
		"customer_key" : 4,
		"staff_key" : 2,
		"rental_date_key" : 20050823,
		"return_date_key" : 20050830,
		"payment_date_key" : 20050823,
		"amount" : 3.99
	},
	{
		"fact_order_key" : 95,
		"rental_key" : 9100,
		"store_key" : 1,
		"film_key" : 895,
		"customer_key" : 4,
		"staff_key" : 1,
		"rental_date_key" : 20050823,
		"return_date_key" : 20050830,
		"payment_date_key" : 20050823,
		"amount" : 5.99
	},
	{
		"fact_order_key" : 96,
		"rental_key" : 9371,
		"store_key" : 1,
		"film_key" : 653,
		"customer_key" : 4,
		"staff_key" : 1,
		"rental_date_key" : 20050823,
		"return_date_key" : 20050830,
		"payment_date_key" : 20050823,
		"amount" : 5.99
	},
	{
		"fact_order_key" : 97,
		"rental_key" : 11069,
		"store_key" : 2,
		"film_key" : 11,
		"customer_key" : 4,
		"staff_key" : 1,
		"rental_date_key" : 20050823,
		"return_date_key" : 20050830,
		"payment_date_key" : 20050823,
		"amount" : 0.99
	},
	{
		"fact_order_key" : 98,
		"rental_key" : 11110,
		"store_key" : 2,
		"film_key" : 939,
		"customer_key" : 4,
		"staff_key" : 2,
		"rental_date_key" : 20050823,
		"return_date_key" : 20050830,
		"payment_date_key" : 20050823,
		"amount" : 2.99
	},
	{
		"fact_order_key" : 99,
		"rental_key" : 11529,
		"store_key" : 1,
		"film_key" : 676,
		"customer_key" : 4,
		"staff_key" : 2,
		"rental_date_key" : 20050823,
		"return_date_key" : 20050830,
		"payment_date_key" : 20050823,
		"amount" : 4.99
	},
	{
		"fact_order_key" : 100,
		"rental_key" : 12151,
		"store_key" : 2,
		"film_key" : 431,
		"customer_key" : 4,
		"staff_key" : 2,
		"rental_date_key" : 20050823,
		"return_date_key" : 20050830,
		"payment_date_key" : 20050823,
		"amount" : 2.99
	},
	{
		"fact_order_key" : 101,
		"rental_key" : 12294,
		"store_key" : 1,
		"film_key" : 543,
		"customer_key" : 4,
		"staff_key" : 2,
		"rental_date_key" : 20050823,
		"return_date_key" : 20050830,
		"payment_date_key" : 20050823,
		"amount" : 8.99
	},
	{
		"fact_order_key" : 102,
		"rental_key" : 12856,
		"store_key" : 2,
		"film_key" : 26,
		"customer_key" : 4,
		"staff_key" : 2,
		"rental_date_key" : 20050823,
		"return_date_key" : 20050830,
		"payment_date_key" : 20050823,
		"amount" : 1.99
	},
	{
		"fact_order_key" : 103,
		"rental_key" : 13704,
		"store_key" : 2,
		"film_key" : 740,
		"customer_key" : 4,
		"staff_key" : 2,
		"rental_date_key" : 20050823,
		"return_date_key" : 20050830,
		"payment_date_key" : 20050823,
		"amount" : 2.99
	},
	{
		"fact_order_key" : 104,
		"rental_key" : 13807,
		"store_key" : 2,
		"film_key" : 837,
		"customer_key" : 4,
		"staff_key" : 2,
		"rental_date_key" : 20050823,
		"return_date_key" : 20050830,
		"payment_date_key" : 20050823,
		"amount" : 6.99
	},
	{
		"fact_order_key" : 105,
		"rental_key" : 14225,
		"store_key" : 1,
		"film_key" : 219,
		"customer_key" : 4,
		"staff_key" : 2,
		"rental_date_key" : 20050823,
		"return_date_key" : 20050830,
		"payment_date_key" : 20050823,
		"amount" : 4.99
	},
	{
		"fact_order_key" : 106,
		"rental_key" : 15147,
		"store_key" : 2,
		"film_key" : 559,
		"customer_key" : 4,
		"staff_key" : 2,
		"rental_date_key" : 20050823,
		"return_date_key" : 20050830,
		"payment_date_key" : 20050823,
		"amount" : 2.99
	},
	{
		"fact_order_key" : 107,
		"rental_key" : 15635,
		"store_key" : 1,
		"film_key" : 728,
		"customer_key" : 4,
		"staff_key" : 1,
		"rental_date_key" : 20050823,
		"return_date_key" : 20050830,
		"payment_date_key" : 20050823,
		"amount" : 1.99
	},
	{
		"fact_order_key" : 108,
		"rental_key" : 731,
		"store_key" : 2,
		"film_key" : 896,
		"customer_key" : 5,
		"staff_key" : 1,
		"rental_date_key" : 20050823,
		"return_date_key" : 20050830,
		"payment_date_key" : 20050823,
		"amount" : 0.99
	},
	{
		"fact_order_key" : 109,
		"rental_key" : 1085,
		"store_key" : 1,
		"film_key" : 68,
		"customer_key" : 5,
		"staff_key" : 1,
		"rental_date_key" : 20050823,
		"return_date_key" : 20050830,
		"payment_date_key" : 20050823,
		"amount" : 6.99
	},
	{
		"fact_order_key" : 110,
		"rental_key" : 1142,
		"store_key" : 2,
		"film_key" : 870,
		"customer_key" : 5,
		"staff_key" : 1,
		"rental_date_key" : 20050823,
		"return_date_key" : 20050830,
		"payment_date_key" : 20050823,
		"amount" : 1.99
	},
	{
		"fact_order_key" : 111,
		"rental_key" : 1502,
		"store_key" : 2,
		"film_key" : 722,
		"customer_key" : 5,
		"staff_key" : 2,
		"rental_date_key" : 20050823,
		"return_date_key" : 20050830,
		"payment_date_key" : 20050823,
		"amount" : 3.99
	},
	{
		"fact_order_key" : 112,
		"rental_key" : 1631,
		"store_key" : 1,
		"film_key" : 539,
		"customer_key" : 5,
		"staff_key" : 1,
		"rental_date_key" : 20050823,
		"return_date_key" : 20050830,
		"payment_date_key" : 20050823,
		"amount" : 2.99
	},
	{
		"fact_order_key" : 113,
		"rental_key" : 2063,
		"store_key" : 2,
		"film_key" : 941,
		"customer_key" : 5,
		"staff_key" : 1,
		"rental_date_key" : 20050823,
		"return_date_key" : 20050830,
		"payment_date_key" : 20050823,
		"amount" : 4.99
	},
	{
		"fact_order_key" : 114,
		"rental_key" : 2570,
		"store_key" : 2,
		"film_key" : 245,
		"customer_key" : 5,
		"staff_key" : 1,
		"rental_date_key" : 20050823,
		"return_date_key" : 20050830,
		"payment_date_key" : 20050823,
		"amount" : 2.99
	},
	{
		"fact_order_key" : 115,
		"rental_key" : 3126,
		"store_key" : 2,
		"film_key" : 263,
		"customer_key" : 5,
		"staff_key" : 1,
		"rental_date_key" : 20050823,
		"return_date_key" : 20050830,
		"payment_date_key" : 20050823,
		"amount" : 4.99
	},
	{
		"fact_order_key" : 116,
		"rental_key" : 3677,
		"store_key" : 1,
		"film_key" : 131,
		"customer_key" : 5,
		"staff_key" : 2,
		"rental_date_key" : 20050823,
		"return_date_key" : 20050830,
		"payment_date_key" : 20050823,
		"amount" : 4.99
	},
	{
		"fact_order_key" : 117,
		"rental_key" : 4889,
		"store_key" : 2,
		"film_key" : 975,
		"customer_key" : 5,
		"staff_key" : 2,
		"rental_date_key" : 20050823,
		"return_date_key" : 20050830,
		"payment_date_key" : 20050823,
		"amount" : 2.99
	},
	{
		"fact_order_key" : 118,
		"rental_key" : 5016,
		"store_key" : 2,
		"film_key" : 408,
		"customer_key" : 5,
		"staff_key" : 1,
		"rental_date_key" : 20050823,
		"return_date_key" : 20050830,
		"payment_date_key" : 20050823,
		"amount" : 4.99
	},
	{
		"fact_order_key" : 119,
		"rental_key" : 5118,
		"store_key" : 1,
		"film_key" : 213,
		"customer_key" : 5,
		"staff_key" : 2,
		"rental_date_key" : 20050823,
		"return_date_key" : 20050830,
		"payment_date_key" : 20050823,
		"amount" : 5.99
	},
	{
		"fact_order_key" : 120,
		"rental_key" : 5156,
		"store_key" : 2,
		"film_key" : 91,
		"customer_key" : 5,
		"staff_key" : 2,
		"rental_date_key" : 20050823,
		"return_date_key" : 20050830,
		"payment_date_key" : 20050823,
		"amount" : 1.99
	},
	{
		"fact_order_key" : 121,
		"rental_key" : 5721,
		"store_key" : 1,
		"film_key" : 511,
		"customer_key" : 5,
		"staff_key" : 2,
		"rental_date_key" : 20050823,
		"return_date_key" : 20050830,
		"payment_date_key" : 20050823,
		"amount" : 0.99
	},
	{
		"fact_order_key" : 122,
		"rental_key" : 6042,
		"store_key" : 2,
		"film_key" : 465,
		"customer_key" : 5,
		"staff_key" : 1,
		"rental_date_key" : 20050823,
		"return_date_key" : 20050830,
		"payment_date_key" : 20050823,
		"amount" : 8.99
	},
	{
		"fact_order_key" : 123,
		"rental_key" : 6663,
		"store_key" : 2,
		"film_key" : 951,
		"customer_key" : 5,
		"staff_key" : 1,
		"rental_date_key" : 20050823,
		"return_date_key" : 20050830,
		"payment_date_key" : 20050823,
		"amount" : 3.99
	},
	{
		"fact_order_key" : 124,
		"rental_key" : 6685,
		"store_key" : 1,
		"film_key" : 314,
		"customer_key" : 5,
		"staff_key" : 1,
		"rental_date_key" : 20050823,
		"return_date_key" : 20050830,
		"payment_date_key" : 20050823,
		"amount" : 4.99
	},
	{
		"fact_order_key" : 125,
		"rental_key" : 7293,
		"store_key" : 1,
		"film_key" : 733,
		"customer_key" : 5,
		"staff_key" : 2,
		"rental_date_key" : 20050823,
		"return_date_key" : 20050830,
		"payment_date_key" : 20050823,
		"amount" : 0.99
	},
	{
		"fact_order_key" : 126,
		"rental_key" : 7652,
		"store_key" : 2,
		"film_key" : 18,
		"customer_key" : 5,
		"staff_key" : 2,
		"rental_date_key" : 20050823,
		"return_date_key" : 20050830,
		"payment_date_key" : 20050823,
		"amount" : 0.99
	},
	{
		"fact_order_key" : 127,
		"rental_key" : 7829,
		"store_key" : 1,
		"film_key" : 22,
		"customer_key" : 5,
		"staff_key" : 1,
		"rental_date_key" : 20050823,
		"return_date_key" : 20050830,
		"payment_date_key" : 20050823,
		"amount" : 3.99
	},
	{
		"fact_order_key" : 128,
		"rental_key" : 8263,
		"store_key" : 1,
		"film_key" : 6,
		"customer_key" : 5,
		"staff_key" : 2,
		"rental_date_key" : 20050823,
		"return_date_key" : 20050830,
		"payment_date_key" : 20050823,
		"amount" : 2.99
	},
	{
		"fact_order_key" : 129,
		"rental_key" : 8978,
		"store_key" : 2,
		"film_key" : 155,
		"customer_key" : 5,
		"staff_key" : 1,
		"rental_date_key" : 20050823,
		"return_date_key" : 20050830,
		"payment_date_key" : 20050823,
		"amount" : 1.99
	},
	{
		"fact_order_key" : 130,
		"rental_key" : 9493,
		"store_key" : 1,
		"film_key" : 333,
		"customer_key" : 5,
		"staff_key" : 1,
		"rental_date_key" : 20050823,
		"return_date_key" : 20050830,
		"payment_date_key" : 20050823,
		"amount" : 4.99
	},
	{
		"fact_order_key" : 131,
		"rental_key" : 9888,
		"store_key" : 1,
		"film_key" : 962,
		"customer_key" : 5,
		"staff_key" : 2,
		"rental_date_key" : 20050823,
		"return_date_key" : 20050830,
		"payment_date_key" : 20050823,
		"amount" : 3.99
	},
	{
		"fact_order_key" : 132,
		"rental_key" : 10609,
		"store_key" : 1,
		"film_key" : 568,
		"customer_key" : 5,
		"staff_key" : 2,
		"rental_date_key" : 20050823,
		"return_date_key" : 20050830,
		"payment_date_key" : 20050823,
		"amount" : 4.99
	},
	{
		"fact_order_key" : 133,
		"rental_key" : 10625,
		"store_key" : 2,
		"film_key" : 663,
		"customer_key" : 5,
		"staff_key" : 1,
		"rental_date_key" : 20050823,
		"return_date_key" : 20050830,
		"payment_date_key" : 20050823,
		"amount" : 0.99
	},
	{
		"fact_order_key" : 134,
		"rental_key" : 11001,
		"store_key" : 1,
		"film_key" : 810,
		"customer_key" : 5,
		"staff_key" : 1,
		"rental_date_key" : 20050823,
		"return_date_key" : 20050830,
		"payment_date_key" : 20050823,
		"amount" : 4.99
	},
	{
		"fact_order_key" : 135,
		"rental_key" : 11179,
		"store_key" : 1,
		"film_key" : 956,
		"customer_key" : 5,
		"staff_key" : 1,
		"rental_date_key" : 20050823,
		"return_date_key" : 20050830,
		"payment_date_key" : 20050823,
		"amount" : 4.99
	},
	{
		"fact_order_key" : 136,
		"rental_key" : 11930,
		"store_key" : 2,
		"film_key" : 286,
		"customer_key" : 5,
		"staff_key" : 1,
		"rental_date_key" : 20050823,
		"return_date_key" : 20050830,
		"payment_date_key" : 20050823,
		"amount" : 3.99
	},
	{
		"fact_order_key" : 137,
		"rental_key" : 12145,
		"store_key" : 2,
		"film_key" : 763,
		"customer_key" : 5,
		"staff_key" : 1,
		"rental_date_key" : 20050823,
		"return_date_key" : 20050830,
		"payment_date_key" : 20050823,
		"amount" : 9.99
	},
	{
		"fact_order_key" : 138,
		"rental_key" : 12797,
		"store_key" : 2,
		"film_key" : 349,
		"customer_key" : 5,
		"staff_key" : 2,
		"rental_date_key" : 20050823,
		"return_date_key" : 20050830,
		"payment_date_key" : 20050823,
		"amount" : 2.99
	},
	{
		"fact_order_key" : 139,
		"rental_key" : 13063,
		"store_key" : 1,
		"film_key" : 266,
		"customer_key" : 5,
		"staff_key" : 2,
		"rental_date_key" : 20050823,
		"return_date_key" : 20050830,
		"payment_date_key" : 20050823,
		"amount" : 1.99
	},
	{
		"fact_order_key" : 140,
		"rental_key" : 13877,
		"store_key" : 2,
		"film_key" : 743,
		"customer_key" : 5,
		"staff_key" : 1,
		"rental_date_key" : 20050823,
		"return_date_key" : 20050830,
		"payment_date_key" : 20050823,
		"amount" : 0.99
	},
	{
		"fact_order_key" : 141,
		"rental_key" : 14053,
		"store_key" : 1,
		"film_key" : 470,
		"customer_key" : 5,
		"staff_key" : 2,
		"rental_date_key" : 20050823,
		"return_date_key" : 20050830,
		"payment_date_key" : 20050823,
		"amount" : 6.99
	},
	{
		"fact_order_key" : 142,
		"rental_key" : 14430,
		"store_key" : 2,
		"film_key" : 575,
		"customer_key" : 5,
		"staff_key" : 1,
		"rental_date_key" : 20050823,
		"return_date_key" : 20050830,
		"payment_date_key" : 20050823,
		"amount" : 6.99
	},
	{
		"fact_order_key" : 143,
		"rental_key" : 14494,
		"store_key" : 1,
		"film_key" : 37,
		"customer_key" : 5,
		"staff_key" : 2,
		"rental_date_key" : 20050823,
		"return_date_key" : 20050830,
		"payment_date_key" : 20050823,
		"amount" : 2.99
	},
	{
		"fact_order_key" : 144,
		"rental_key" : 15232,
		"store_key" : 1,
		"film_key" : 12,
		"customer_key" : 5,
		"staff_key" : 1,
		"rental_date_key" : 20050823,
		"return_date_key" : 20050830,
		"payment_date_key" : 20050823,
		"amount" : 0.99
	},
	{
		"fact_order_key" : 145,
		"rental_key" : 13209,
		"store_key" : 2,
		"film_key" : 345,
		"customer_key" : 5,
		"staff_key" : 2,
		"rental_date_key" : 20050823,
		"return_date_key" : 20050830,
		"payment_date_key" : 20050823,
		"amount" : 0.99
	},
	{
		"fact_order_key" : 146,
		"rental_key" : 57,
		"store_key" : 2,
		"film_key" : 858,
		"customer_key" : 6,
		"staff_key" : 2,
		"rental_date_key" : 20050823,
		"return_date_key" : 20050830,
		"payment_date_key" : 20050823,
		"amount" : 4.99
	},
	{
		"fact_order_key" : 147,
		"rental_key" : 577,
		"store_key" : 1,
		"film_key" : 83,
		"customer_key" : 6,
		"staff_key" : 2,
		"rental_date_key" : 20050823,
		"return_date_key" : 20050830,
		"payment_date_key" : 20050823,
		"amount" : 2.99
	},
	{
		"fact_order_key" : 148,
		"rental_key" : 916,
		"store_key" : 1,
		"film_key" : 285,
		"customer_key" : 6,
		"staff_key" : 1,
		"rental_date_key" : 20050823,
		"return_date_key" : 20050830,
		"payment_date_key" : 20050823,
		"amount" : 0.99
	},
	{
		"fact_order_key" : 149,
		"rental_key" : 1575,
		"store_key" : 1,
		"film_key" : 730,
		"customer_key" : 6,
		"staff_key" : 2,
		"rental_date_key" : 20050823,
		"return_date_key" : 20050830,
		"payment_date_key" : 20050823,
		"amount" : 3.99
	},
	{
		"fact_order_key" : 150,
		"rental_key" : 1841,
		"store_key" : 2,
		"film_key" : 514,
		"customer_key" : 6,
		"staff_key" : 1,
		"rental_date_key" : 20050823,
		"return_date_key" : 20050830,
		"payment_date_key" : 20050823,
		"amount" : 2.99
	},
	{
		"fact_order_key" : 151,
		"rental_key" : 1966,
		"store_key" : 2,
		"film_key" : 452,
		"customer_key" : 6,
		"staff_key" : 1,
		"rental_date_key" : 20050823,
		"return_date_key" : 20050830,
		"payment_date_key" : 20050823,
		"amount" : 0.99
	},
	{
		"fact_order_key" : 152,
		"rental_key" : 2345,
		"store_key" : 1,
		"film_key" : 395,
		"customer_key" : 6,
		"staff_key" : 2,
		"rental_date_key" : 20050823,
		"return_date_key" : 20050830,
		"payment_date_key" : 20050823,
		"amount" : 0.99
	},
	{
		"fact_order_key" : 153,
		"rental_key" : 3983,
		"store_key" : 1,
		"film_key" : 280,
		"customer_key" : 6,
		"staff_key" : 2,
		"rental_date_key" : 20050823,
		"return_date_key" : 20050830,
		"payment_date_key" : 20050823,
		"amount" : 0.99
	},
	{
		"fact_order_key" : 154,
		"rental_key" : 4278,
		"store_key" : 2,
		"film_key" : 807,
		"customer_key" : 6,
		"staff_key" : 2,
		"rental_date_key" : 20050823,
		"return_date_key" : 20050830,
		"payment_date_key" : 20050823,
		"amount" : 2.99
	},
	{
		"fact_order_key" : 155,
		"rental_key" : 5553,
		"store_key" : 2,
		"film_key" : 367,
		"customer_key" : 6,
		"staff_key" : 2,
		"rental_date_key" : 20050823,
		"return_date_key" : 20050830,
		"payment_date_key" : 20050823,
		"amount" : 0.99
	},
	{
		"fact_order_key" : 156,
		"rental_key" : 6211,
		"store_key" : 2,
		"film_key" : 592,
		"customer_key" : 6,
		"staff_key" : 2,
		"rental_date_key" : 20050823,
		"return_date_key" : 20050830,
		"payment_date_key" : 20050823,
		"amount" : 5.99
	},
	{
		"fact_order_key" : 157,
		"rental_key" : 6248,
		"store_key" : 1,
		"film_key" : 590,
		"customer_key" : 6,
		"staff_key" : 1,
		"rental_date_key" : 20050823,
		"return_date_key" : 20050830,
		"payment_date_key" : 20050823,
		"amount" : 7.99
	},
	{
		"fact_order_key" : 158,
		"rental_key" : 6686,
		"store_key" : 2,
		"film_key" : 833,
		"customer_key" : 6,
		"staff_key" : 2,
		"rental_date_key" : 20050823,
		"return_date_key" : 20050830,
		"payment_date_key" : 20050823,
		"amount" : 0.99
	},
	{
		"fact_order_key" : 159,
		"rental_key" : 7099,
		"store_key" : 1,
		"film_key" : 689,
		"customer_key" : 6,
		"staff_key" : 2,
		"rental_date_key" : 20050823,
		"return_date_key" : 20050830,
		"payment_date_key" : 20050823,
		"amount" : 2.99
	},
	{
		"fact_order_key" : 160,
		"rental_key" : 7136,
		"store_key" : 2,
		"film_key" : 418,
		"customer_key" : 6,
		"staff_key" : 1,
		"rental_date_key" : 20050823,
		"return_date_key" : 20050830,
		"payment_date_key" : 20050823,
		"amount" : 2.99
	},
	{
		"fact_order_key" : 161,
		"rental_key" : 8101,
		"store_key" : 1,
		"film_key" : 160,
		"customer_key" : 6,
		"staff_key" : 1,
		"rental_date_key" : 20050823,
		"return_date_key" : 20050830,
		"payment_date_key" : 20050823,
		"amount" : 0.99
	},
	{
		"fact_order_key" : 162,
		"rental_key" : 10271,
		"store_key" : 2,
		"film_key" : 807,
		"customer_key" : 6,
		"staff_key" : 1,
		"rental_date_key" : 20050823,
		"return_date_key" : 20050830,
		"payment_date_key" : 20050823,
		"amount" : 2.99
	},
	{
		"fact_order_key" : 163,
		"rental_key" : 11023,
		"store_key" : 1,
		"film_key" : 790,
		"customer_key" : 6,
		"staff_key" : 1,
		"rental_date_key" : 20050823,
		"return_date_key" : 20050830,
		"payment_date_key" : 20050823,
		"amount" : 2.99
	},
	{
		"fact_order_key" : 164,
		"rental_key" : 11398,
		"store_key" : 1,
		"film_key" : 862,
		"customer_key" : 6,
		"staff_key" : 2,
		"rental_date_key" : 20050823,
		"return_date_key" : 20050830,
		"payment_date_key" : 20050823,
		"amount" : 3.99
	},
	{
		"fact_order_key" : 165,
		"rental_key" : 11591,
		"store_key" : 1,
		"film_key" : 365,
		"customer_key" : 6,
		"staff_key" : 1,
		"rental_date_key" : 20050823,
		"return_date_key" : 20050830,
		"payment_date_key" : 20050823,
		"amount" : 6.99
	},
	{
		"fact_order_key" : 166,
		"rental_key" : 11727,
		"store_key" : 2,
		"film_key" : 19,
		"customer_key" : 6,
		"staff_key" : 1,
		"rental_date_key" : 20050823,
		"return_date_key" : 20050830,
		"payment_date_key" : 20050823,
		"amount" : 0.99
	},
	{
		"fact_order_key" : 167,
		"rental_key" : 11853,
		"store_key" : 2,
		"film_key" : 849,
		"customer_key" : 6,
		"staff_key" : 2,
		"rental_date_key" : 20050823,
		"return_date_key" : 20050830,
		"payment_date_key" : 20050823,
		"amount" : 0.99
	},
	{
		"fact_order_key" : 168,
		"rental_key" : 12254,
		"store_key" : 2,
		"film_key" : 626,
		"customer_key" : 6,
		"staff_key" : 1,
		"rental_date_key" : 20050823,
		"return_date_key" : 20050830,
		"payment_date_key" : 20050823,
		"amount" : 2.99
	},
	{
		"fact_order_key" : 169,
		"rental_key" : 13451,
		"store_key" : 1,
		"film_key" : 841,
		"customer_key" : 6,
		"staff_key" : 1,
		"rental_date_key" : 20050823,
		"return_date_key" : 20050830,
		"payment_date_key" : 20050823,
		"amount" : 6.99
	},
	{
		"fact_order_key" : 170,
		"rental_key" : 14329,
		"store_key" : 1,
		"film_key" : 775,
		"customer_key" : 6,
		"staff_key" : 2,
		"rental_date_key" : 20050823,
		"return_date_key" : 20050830,
		"payment_date_key" : 20050823,
		"amount" : 7.99
	},
	{
		"fact_order_key" : 171,
		"rental_key" : 14377,
		"store_key" : 1,
		"film_key" : 293,
		"customer_key" : 6,
		"staff_key" : 1,
		"rental_date_key" : 20050823,
		"return_date_key" : 20050830,
		"payment_date_key" : 20050823,
		"amount" : 4.99
	},
	{
		"fact_order_key" : 172,
		"rental_key" : 15509,
		"store_key" : 2,
		"film_key" : 285,
		"customer_key" : 6,
		"staff_key" : 2,
		"rental_date_key" : 20050823,
		"return_date_key" : 20050830,
		"payment_date_key" : 20050823,
		"amount" : 5.99
	},
	{
		"fact_order_key" : 173,
		"rental_key" : 15603,
		"store_key" : 1,
		"film_key" : 562,
		"customer_key" : 6,
		"staff_key" : 1,
		"rental_date_key" : 20050823,
		"return_date_key" : 20050830,
		"payment_date_key" : 20050823,
		"amount" : 0.99
	},
	{
		"fact_order_key" : 174,
		"rental_key" : 46,
		"store_key" : 1,
		"film_key" : 730,
		"customer_key" : 7,
		"staff_key" : 2,
		"rental_date_key" : 20050823,
		"return_date_key" : 20050830,
		"payment_date_key" : 20050823,
		"amount" : 5.99
	},
	{
		"fact_order_key" : 175,
		"rental_key" : 117,
		"store_key" : 2,
		"film_key" : 931,
		"customer_key" : 7,
		"staff_key" : 2,
		"rental_date_key" : 20050823,
		"return_date_key" : 20050830,
		"payment_date_key" : 20050823,
		"amount" : 0.99
	},
	{
		"fact_order_key" : 176,
		"rental_key" : 748,
		"store_key" : 2,
		"film_key" : 615,
		"customer_key" : 7,
		"staff_key" : 1,
		"rental_date_key" : 20050823,
		"return_date_key" : 20050830,
		"payment_date_key" : 20050823,
		"amount" : 2.99
	},
	{
		"fact_order_key" : 177,
		"rental_key" : 975,
		"store_key" : 1,
		"film_key" : 683,
		"customer_key" : 7,
		"staff_key" : 2,
		"rental_date_key" : 20050823,
		"return_date_key" : 20050830,
		"payment_date_key" : 20050823,
		"amount" : 4.99
	},
	{
		"fact_order_key" : 178,
		"rental_key" : 1063,
		"store_key" : 1,
		"film_key" : 545,
		"customer_key" : 7,
		"staff_key" : 1,
		"rental_date_key" : 20050823,
		"return_date_key" : 20050830,
		"payment_date_key" : 20050823,
		"amount" : 5.99
	},
	{
		"fact_order_key" : 179,
		"rental_key" : 1810,
		"store_key" : 2,
		"film_key" : 516,
		"customer_key" : 7,
		"staff_key" : 1,
		"rental_date_key" : 20050823,
		"return_date_key" : 20050830,
		"payment_date_key" : 20050823,
		"amount" : 0.99
	},
	{
		"fact_order_key" : 180,
		"rental_key" : 2250,
		"store_key" : 1,
		"film_key" : 880,
		"customer_key" : 7,
		"staff_key" : 2,
		"rental_date_key" : 20050823,
		"return_date_key" : 20050830,
		"payment_date_key" : 20050823,
		"amount" : 2.99
	},
	{
		"fact_order_key" : 181,
		"rental_key" : 2709,
		"store_key" : 1,
		"film_key" : 631,
		"customer_key" : 7,
		"staff_key" : 2,
		"rental_date_key" : 20050823,
		"return_date_key" : 20050830,
		"payment_date_key" : 20050823,
		"amount" : 0.99
	},
	{
		"fact_order_key" : 182,
		"rental_key" : 2888,
		"store_key" : 1,
		"film_key" : 103,
		"customer_key" : 7,
		"staff_key" : 2,
		"rental_date_key" : 20050823,
		"return_date_key" : 20050830,
		"payment_date_key" : 20050823,
		"amount" : 4.99
	},
	{
		"fact_order_key" : 183,
		"rental_key" : 3007,
		"store_key" : 2,
		"film_key" : 424,
		"customer_key" : 7,
		"staff_key" : 2,
		"rental_date_key" : 20050823,
		"return_date_key" : 20050830,
		"payment_date_key" : 20050823,
		"amount" : 0.99
	},
	{
		"fact_order_key" : 184,
		"rental_key" : 3639,
		"store_key" : 1,
		"film_key" : 617,
		"customer_key" : 7,
		"staff_key" : 2,
		"rental_date_key" : 20050823,
		"return_date_key" : 20050830,
		"payment_date_key" : 20050823,
		"amount" : 5.99
	},
	{
		"fact_order_key" : 185,
		"rental_key" : 4238,
		"store_key" : 1,
		"film_key" : 664,
		"customer_key" : 7,
		"staff_key" : 2,
		"rental_date_key" : 20050823,
		"return_date_key" : 20050830,
		"payment_date_key" : 20050823,
		"amount" : 2.99
	},
	{
		"fact_order_key" : 186,
		"rental_key" : 4787,
		"store_key" : 1,
		"film_key" : 857,
		"customer_key" : 7,
		"staff_key" : 2,
		"rental_date_key" : 20050823,
		"return_date_key" : 20050830,
		"payment_date_key" : 20050823,
		"amount" : 5.99
	},
	{
		"fact_order_key" : 187,
		"rental_key" : 4856,
		"store_key" : 2,
		"film_key" : 532,
		"customer_key" : 7,
		"staff_key" : 2,
		"rental_date_key" : 20050823,
		"return_date_key" : 20050830,
		"payment_date_key" : 20050823,
		"amount" : 4.99
	},
	{
		"fact_order_key" : 188,
		"rental_key" : 5441,
		"store_key" : 2,
		"film_key" : 854,
		"customer_key" : 7,
		"staff_key" : 1,
		"rental_date_key" : 20050823,
		"return_date_key" : 20050830,
		"payment_date_key" : 20050823,
		"amount" : 8.99
	},
	{
		"fact_order_key" : 189,
		"rental_key" : 5921,
		"store_key" : 1,
		"film_key" : 856,
		"customer_key" : 7,
		"staff_key" : 1,
		"rental_date_key" : 20050823,
		"return_date_key" : 20050830,
		"payment_date_key" : 20050823,
		"amount" : 7.99
	},
	{
		"fact_order_key" : 190,
		"rental_key" : 6174,
		"store_key" : 1,
		"film_key" : 687,
		"customer_key" : 7,
		"staff_key" : 2,
		"rental_date_key" : 20050823,
		"return_date_key" : 20050830,
		"payment_date_key" : 20050823,
		"amount" : 1.99
	},
	{
		"fact_order_key" : 191,
		"rental_key" : 6295,
		"store_key" : 1,
		"film_key" : 305,
		"customer_key" : 7,
		"staff_key" : 1,
		"rental_date_key" : 20050823,
		"return_date_key" : 20050830,
		"payment_date_key" : 20050823,
		"amount" : 2.99
	},
	{
		"fact_order_key" : 192,
		"rental_key" : 6761,
		"store_key" : 1,
		"film_key" : 796,
		"customer_key" : 7,
		"staff_key" : 2,
		"rental_date_key" : 20050823,
		"return_date_key" : 20050830,
		"payment_date_key" : 20050823,
		"amount" : 3.99
	},
	{
		"fact_order_key" : 193,
		"rental_key" : 8422,
		"store_key" : 1,
		"film_key" : 682,
		"customer_key" : 7,
		"staff_key" : 1,
		"rental_date_key" : 20050823,
		"return_date_key" : 20050830,
		"payment_date_key" : 20050823,
		"amount" : 5.99
	},
	{
		"fact_order_key" : 194,
		"rental_key" : 9624,
		"store_key" : 1,
		"film_key" : 763,
		"customer_key" : 7,
		"staff_key" : 1,
		"rental_date_key" : 20050823,
		"return_date_key" : 20050830,
		"payment_date_key" : 20050823,
		"amount" : 7.99
	},
	{
		"fact_order_key" : 195,
		"rental_key" : 10330,
		"store_key" : 2,
		"film_key" : 346,
		"customer_key" : 7,
		"staff_key" : 2,
		"rental_date_key" : 20050823,
		"return_date_key" : 20050830,
		"payment_date_key" : 20050823,
		"amount" : 6.99
	},
	{
		"fact_order_key" : 196,
		"rental_key" : 10423,
		"store_key" : 1,
		"film_key" : 162,
		"customer_key" : 7,
		"staff_key" : 1,
		"rental_date_key" : 20050823,
		"return_date_key" : 20050830,
		"payment_date_key" : 20050823,
		"amount" : 5.99
	},
	{
		"fact_order_key" : 197,
		"rental_key" : 10514,
		"store_key" : 2,
		"film_key" : 330,
		"customer_key" : 7,
		"staff_key" : 2,
		"rental_date_key" : 20050823,
		"return_date_key" : 20050830,
		"payment_date_key" : 20050823,
		"amount" : 4.99
	},
	{
		"fact_order_key" : 198,
		"rental_key" : 10644,
		"store_key" : 2,
		"film_key" : 953,
		"customer_key" : 7,
		"staff_key" : 1,
		"rental_date_key" : 20050823,
		"return_date_key" : 20050830,
		"payment_date_key" : 20050823,
		"amount" : 4.99
	},
	{
		"fact_order_key" : 199,
		"rental_key" : 10989,
		"store_key" : 2,
		"film_key" : 491,
		"customer_key" : 7,
		"staff_key" : 2,
		"rental_date_key" : 20050823,
		"return_date_key" : 20050830,
		"payment_date_key" : 20050823,
		"amount" : 3.99
	},
	{
		"fact_order_key" : 200,
		"rental_key" : 11542,
		"store_key" : 2,
		"film_key" : 465,
		"customer_key" : 7,
		"staff_key" : 2,
		"rental_date_key" : 20050823,
		"return_date_key" : 20050830,
		"payment_date_key" : 20050823,
		"amount" : 7.99
	},
	{
		"fact_order_key" : 201,
		"rental_key" : 12367,
		"store_key" : 2,
		"film_key" : 396,
		"customer_key" : 7,
		"staff_key" : 2,
		"rental_date_key" : 20050823,
		"return_date_key" : 20050830,
		"payment_date_key" : 20050823,
		"amount" : 8.99
	},
	{
		"fact_order_key" : 202,
		"rental_key" : 12730,
		"store_key" : 2,
		"film_key" : 15,
		"customer_key" : 7,
		"staff_key" : 1,
		"rental_date_key" : 20050823,
		"return_date_key" : 20050830,
		"payment_date_key" : 20050823,
		"amount" : 2.99
	},
	{
		"fact_order_key" : 203,
		"rental_key" : 13373,
		"store_key" : 2,
		"film_key" : 880,
		"customer_key" : 7,
		"staff_key" : 1,
		"rental_date_key" : 20050823,
		"return_date_key" : 20050830,
		"payment_date_key" : 20050823,
		"amount" : 2.99
	},
	{
		"fact_order_key" : 204,
		"rental_key" : 13476,
		"store_key" : 1,
		"film_key" : 628,
		"customer_key" : 7,
		"staff_key" : 1,
		"rental_date_key" : 20050823,
		"return_date_key" : 20050830,
		"payment_date_key" : 20050823,
		"amount" : 2.99
	},
	{
		"fact_order_key" : 205,
		"rental_key" : 13594,
		"store_key" : 1,
		"film_key" : 750,
		"customer_key" : 7,
		"staff_key" : 1,
		"rental_date_key" : 20050823,
		"return_date_key" : 20050830,
		"payment_date_key" : 20050823,
		"amount" : 0.99
	},
	{
		"fact_order_key" : 206,
		"rental_key" : 14222,
		"store_key" : 2,
		"film_key" : 156,
		"customer_key" : 7,
		"staff_key" : 2,
		"rental_date_key" : 20050823,
		"return_date_key" : 20050830,
		"payment_date_key" : 20050823,
		"amount" : 5.99
	},
	{
		"fact_order_key" : 207,
		"rental_key" : 866,
		"store_key" : 2,
		"film_key" : 628,
		"customer_key" : 8,
		"staff_key" : 1,
		"rental_date_key" : 20050823,
		"return_date_key" : 20050830,
		"payment_date_key" : 20050823,
		"amount" : 6.99
	},
	{
		"fact_order_key" : 208,
		"rental_key" : 1305,
		"store_key" : 2,
		"film_key" : 42,
		"customer_key" : 8,
		"staff_key" : 2,
		"rental_date_key" : 20050823,
		"return_date_key" : 20050830,
		"payment_date_key" : 20050823,
		"amount" : 2.99
	},
	{
		"fact_order_key" : 209,
		"rental_key" : 2095,
		"store_key" : 1,
		"film_key" : 415,
		"customer_key" : 8,
		"staff_key" : 2,
		"rental_date_key" : 20050823,
		"return_date_key" : 20050830,
		"payment_date_key" : 20050823,
		"amount" : 5.99
	},
	{
		"fact_order_key" : 210,
		"rental_key" : 3114,
		"store_key" : 1,
		"film_key" : 521,
		"customer_key" : 8,
		"staff_key" : 2,
		"rental_date_key" : 20050823,
		"return_date_key" : 20050830,
		"payment_date_key" : 20050823,
		"amount" : 4.99
	},
	{
		"fact_order_key" : 211,
		"rental_key" : 3475,
		"store_key" : 2,
		"film_key" : 473,
		"customer_key" : 8,
		"staff_key" : 2,
		"rental_date_key" : 20050823,
		"return_date_key" : 20050830,
		"payment_date_key" : 20050823,
		"amount" : 5.99
	},
	{
		"fact_order_key" : 212,
		"rental_key" : 4003,
		"store_key" : 1,
		"film_key" : 882,
		"customer_key" : 8,
		"staff_key" : 1,
		"rental_date_key" : 20050823,
		"return_date_key" : 20050830,
		"payment_date_key" : 20050823,
		"amount" : 0.99
	},
	{
		"fact_order_key" : 213,
		"rental_key" : 4175,
		"store_key" : 1,
		"film_key" : 432,
		"customer_key" : 8,
		"staff_key" : 2,
		"rental_date_key" : 20050823,
		"return_date_key" : 20050830,
		"payment_date_key" : 20050823,
		"amount" : 2.99
	},
	{
		"fact_order_key" : 214,
		"rental_key" : 4409,
		"store_key" : 2,
		"film_key" : 692,
		"customer_key" : 8,
		"staff_key" : 2,
		"rental_date_key" : 20050823,
		"return_date_key" : 20050830,
		"payment_date_key" : 20050823,
		"amount" : 3.99
	},
	{
		"fact_order_key" : 215,
		"rental_key" : 4503,
		"store_key" : 1,
		"film_key" : 329,
		"customer_key" : 8,
		"staff_key" : 1,
		"rental_date_key" : 20050823,
		"return_date_key" : 20050830,
		"payment_date_key" : 20050823,
		"amount" : 3.99
	},
	{
		"fact_order_key" : 216,
		"rental_key" : 5300,
		"store_key" : 1,
		"film_key" : 554,
		"customer_key" : 8,
		"staff_key" : 1,
		"rental_date_key" : 20050823,
		"return_date_key" : 20050830,
		"payment_date_key" : 20050823,
		"amount" : 2.99
	},
	{
		"fact_order_key" : 217,
		"rental_key" : 5341,
		"store_key" : 2,
		"film_key" : 554,
		"customer_key" : 8,
		"staff_key" : 2,
		"rental_date_key" : 20050823,
		"return_date_key" : 20050830,
		"payment_date_key" : 20050823,
		"amount" : 2.99
	},
	{
		"fact_order_key" : 218,
		"rental_key" : 6375,
		"store_key" : 2,
		"film_key" : 421,
		"customer_key" : 8,
		"staff_key" : 2,
		"rental_date_key" : 20050823,
		"return_date_key" : 20050830,
		"payment_date_key" : 20050823,
		"amount" : 4.99
	},
	{
		"fact_order_key" : 219,
		"rental_key" : 6647,
		"store_key" : 1,
		"film_key" : 401,
		"customer_key" : 8,
		"staff_key" : 1,
		"rental_date_key" : 20050823,
		"return_date_key" : 20050830,
		"payment_date_key" : 20050823,
		"amount" : 0.99
	},
	{
		"fact_order_key" : 220,
		"rental_key" : 8809,
		"store_key" : 2,
		"film_key" : 722,
		"customer_key" : 8,
		"staff_key" : 1,
		"rental_date_key" : 20050823,
		"return_date_key" : 20050830,
		"payment_date_key" : 20050823,
		"amount" : 1.99
	},
	{
		"fact_order_key" : 221,
		"rental_key" : 9629,
		"store_key" : 1,
		"film_key" : 609,
		"customer_key" : 8,
		"staff_key" : 1,
		"rental_date_key" : 20050823,
		"return_date_key" : 20050830,
		"payment_date_key" : 20050823,
		"amount" : 2.99
	},
	{
		"fact_order_key" : 222,
		"rental_key" : 10141,
		"store_key" : 2,
		"film_key" : 1,
		"customer_key" : 8,
		"staff_key" : 1,
		"rental_date_key" : 20050823,
		"return_date_key" : 20050830,
		"payment_date_key" : 20050823,
		"amount" : 0.99
	},
	{
		"fact_order_key" : 223,
		"rental_key" : 10561,
		"store_key" : 2,
		"film_key" : 474,
		"customer_key" : 8,
		"staff_key" : 2,
		"rental_date_key" : 20050823,
		"return_date_key" : 20050830,
		"payment_date_key" : 20050823,
		"amount" : 2.99
	},
	{
		"fact_order_key" : 224,
		"rental_key" : 11232,
		"store_key" : 2,
		"film_key" : 216,
		"customer_key" : 8,
		"staff_key" : 1,
		"rental_date_key" : 20050823,
		"return_date_key" : 20050830,
		"payment_date_key" : 20050823,
		"amount" : 9.99
	},
	{
		"fact_order_key" : 225,
		"rental_key" : 11284,
		"store_key" : 2,
		"film_key" : 37,
		"customer_key" : 8,
		"staff_key" : 2,
		"rental_date_key" : 20050823,
		"return_date_key" : 20050830,
		"payment_date_key" : 20050823,
		"amount" : 2.99
	},
	{
		"fact_order_key" : 226,
		"rental_key" : 12613,
		"store_key" : 2,
		"film_key" : 847,
		"customer_key" : 8,
		"staff_key" : 2,
		"rental_date_key" : 20050823,
		"return_date_key" : 20050830,
		"payment_date_key" : 20050823,
		"amount" : 2.99
	},
	{
		"fact_order_key" : 227,
		"rental_key" : 14114,
		"store_key" : 1,
		"film_key" : 491,
		"customer_key" : 8,
		"staff_key" : 1,
		"rental_date_key" : 20050823,
		"return_date_key" : 20050830,
		"payment_date_key" : 20050823,
		"amount" : 0.99
	},
	{
		"fact_order_key" : 228,
		"rental_key" : 15374,
		"store_key" : 2,
		"film_key" : 930,
		"customer_key" : 8,
		"staff_key" : 1,
		"rental_date_key" : 20050823,
		"return_date_key" : 20050830,
		"payment_date_key" : 20050823,
		"amount" : 7.99
	},
	{
		"fact_order_key" : 229,
		"rental_key" : 15764,
		"store_key" : 1,
		"film_key" : 645,
		"customer_key" : 8,
		"staff_key" : 1,
		"rental_date_key" : 20050823,
		"return_date_key" : 20050830,
		"payment_date_key" : 20050823,
		"amount" : 2.99
	},
	{
		"fact_order_key" : 230,
		"rental_key" : 15805,
		"store_key" : 1,
		"film_key" : 985,
		"customer_key" : 8,
		"staff_key" : 2,
		"rental_date_key" : 20050823,
		"return_date_key" : 20050830,
		"payment_date_key" : 20050823,
		"amount" : 4.99
	},
	{
		"fact_order_key" : 231,
		"rental_key" : 350,
		"store_key" : 2,
		"film_key" : 604,
		"customer_key" : 9,
		"staff_key" : 2,
		"rental_date_key" : 20050823,
		"return_date_key" : 20050830,
		"payment_date_key" : 20050823,
		"amount" : 4.99
	},
	{
		"fact_order_key" : 232,
		"rental_key" : 877,
		"store_key" : 1,
		"film_key" : 196,
		"customer_key" : 9,
		"staff_key" : 1,
		"rental_date_key" : 20050823,
		"return_date_key" : 20050830,
		"payment_date_key" : 20050823,
		"amount" : 0.99
	},
	{
		"fact_order_key" : 233,
		"rental_key" : 1075,
		"store_key" : 2,
		"film_key" : 493,
		"customer_key" : 9,
		"staff_key" : 1,
		"rental_date_key" : 20050823,
		"return_date_key" : 20050830,
		"payment_date_key" : 20050823,
		"amount" : 4.99
	},
	{
		"fact_order_key" : 234,
		"rental_key" : 3142,
		"store_key" : 2,
		"film_key" : 856,
		"customer_key" : 9,
		"staff_key" : 2,
		"rental_date_key" : 20050823,
		"return_date_key" : 20050830,
		"payment_date_key" : 20050823,
		"amount" : 7.99
	},
	{
		"fact_order_key" : 235,
		"rental_key" : 3262,
		"store_key" : 2,
		"film_key" : 826,
		"customer_key" : 9,
		"staff_key" : 1,
		"rental_date_key" : 20050823,
		"return_date_key" : 20050830,
		"payment_date_key" : 20050823,
		"amount" : 4.99
	},
	{
		"fact_order_key" : 236,
		"rental_key" : 4454,
		"store_key" : 2,
		"film_key" : 305,
		"customer_key" : 9,
		"staff_key" : 1,
		"rental_date_key" : 20050823,
		"return_date_key" : 20050830,
		"payment_date_key" : 20050823,
		"amount" : 2.99
	},
	{
		"fact_order_key" : 237,
		"rental_key" : 4748,
		"store_key" : 2,
		"film_key" : 931,
		"customer_key" : 9,
		"staff_key" : 1,
		"rental_date_key" : 20050823,
		"return_date_key" : 20050830,
		"payment_date_key" : 20050823,
		"amount" : 0.99
	},
	{
		"fact_order_key" : 238,
		"rental_key" : 4796,
		"store_key" : 1,
		"film_key" : 545,
		"customer_key" : 9,
		"staff_key" : 2,
		"rental_date_key" : 20050823,
		"return_date_key" : 20050830,
		"payment_date_key" : 20050823,
		"amount" : 1.99
	},
	{
		"fact_order_key" : 239,
		"rental_key" : 5659,
		"store_key" : 1,
		"film_key" : 928,
		"customer_key" : 9,
		"staff_key" : 1,
		"rental_date_key" : 20050823,
		"return_date_key" : 20050830,
		"payment_date_key" : 20050823,
		"amount" : 2.99
	},
	{
		"fact_order_key" : 240,
		"rental_key" : 6019,
		"store_key" : 2,
		"film_key" : 763,
		"customer_key" : 9,
		"staff_key" : 2,
		"rental_date_key" : 20050823,
		"return_date_key" : 20050830,
		"payment_date_key" : 20050823,
		"amount" : 4.99
	},
	{
		"fact_order_key" : 241,
		"rental_key" : 6165,
		"store_key" : 1,
		"film_key" : 774,
		"customer_key" : 9,
		"staff_key" : 1,
		"rental_date_key" : 20050823,
		"return_date_key" : 20050830,
		"payment_date_key" : 20050823,
		"amount" : 5.99
	},
	{
		"fact_order_key" : 242,
		"rental_key" : 7616,
		"store_key" : 2,
		"film_key" : 830,
		"customer_key" : 9,
		"staff_key" : 1,
		"rental_date_key" : 20050823,
		"return_date_key" : 20050830,
		"payment_date_key" : 20050823,
		"amount" : 0.99
	},
	{
		"fact_order_key" : 243,
		"rental_key" : 7801,
		"store_key" : 2,
		"film_key" : 445,
		"customer_key" : 9,
		"staff_key" : 1,
		"rental_date_key" : 20050823,
		"return_date_key" : 20050830,
		"payment_date_key" : 20050823,
		"amount" : 2.99
	},
	{
		"fact_order_key" : 244,
		"rental_key" : 9043,
		"store_key" : 1,
		"film_key" : 897,
		"customer_key" : 9,
		"staff_key" : 1,
		"rental_date_key" : 20050823,
		"return_date_key" : 20050830,
		"payment_date_key" : 20050823,
		"amount" : 4.99
	},
	{
		"fact_order_key" : 245,
		"rental_key" : 10451,
		"store_key" : 2,
		"film_key" : 531,
		"customer_key" : 9,
		"staff_key" : 2,
		"rental_date_key" : 20050823,
		"return_date_key" : 20050830,
		"payment_date_key" : 20050823,
		"amount" : 0.99
	},
	{
		"fact_order_key" : 246,
		"rental_key" : 10454,
		"store_key" : 2,
		"film_key" : 88,
		"customer_key" : 9,
		"staff_key" : 2,
		"rental_date_key" : 20050823,
		"return_date_key" : 20050830,
		"payment_date_key" : 20050823,
		"amount" : 4.99
	},
	{
		"fact_order_key" : 247,
		"rental_key" : 11400,
		"store_key" : 2,
		"film_key" : 691,
		"customer_key" : 9,
		"staff_key" : 2,
		"rental_date_key" : 20050823,
		"return_date_key" : 20050830,
		"payment_date_key" : 20050823,
		"amount" : 5.99
	},
	{
		"fact_order_key" : 248,
		"rental_key" : 11556,
		"store_key" : 1,
		"film_key" : 82,
		"customer_key" : 9,
		"staff_key" : 1,
		"rental_date_key" : 20050823,
		"return_date_key" : 20050830,
		"payment_date_key" : 20050823,
		"amount" : 0.99
	},
	{
		"fact_order_key" : 249,
		"rental_key" : 12228,
		"store_key" : 1,
		"film_key" : 609,
		"customer_key" : 9,
		"staff_key" : 1,
		"rental_date_key" : 20050823,
		"return_date_key" : 20050830,
		"payment_date_key" : 20050823,
		"amount" : 2.99
	},
	{
		"fact_order_key" : 250,
		"rental_key" : 12309,
		"store_key" : 2,
		"film_key" : 166,
		"customer_key" : 9,
		"staff_key" : 2,
		"rental_date_key" : 20050823,
		"return_date_key" : 20050830,
		"payment_date_key" : 20050823,
		"amount" : 2.99
	}
]
