[
	{
		"fact_order_key" : 501,
		"rental_key" : 9256,
		"store_key" : 2,
		"film_key" : 875,
		"customer_key" : 19,
		"staff_key" : 1,
		"rental_date_key" : 20050823,
		"return_date_key" : 20050830,
		"payment_date_key" : 20050823,
		"amount" : 0.99
	},
	{
		"fact_order_key" : 502,
		"rental_key" : 10077,
		"store_key" : 2,
		"film_key" : 506,
		"customer_key" : 19,
		"staff_key" : 1,
		"rental_date_key" : 20050823,
		"return_date_key" : 20050830,
		"payment_date_key" : 20050823,
		"amount" : 9.99
	},
	{
		"fact_order_key" : 503,
		"rental_key" : 10176,
		"store_key" : 1,
		"film_key" : 263,
		"customer_key" : 19,
		"staff_key" : 2,
		"rental_date_key" : 20050823,
		"return_date_key" : 20050830,
		"payment_date_key" : 20050823,
		"amount" : 7.99
	},
	{
		"fact_order_key" : 504,
		"rental_key" : 11508,
		"store_key" : 1,
		"film_key" : 590,
		"customer_key" : 19,
		"staff_key" : 2,
		"rental_date_key" : 20050823,
		"return_date_key" : 20050830,
		"payment_date_key" : 20050823,
		"amount" : 8.99
	},
	{
		"fact_order_key" : 505,
		"rental_key" : 11869,
		"store_key" : 1,
		"film_key" : 757,
		"customer_key" : 19,
		"staff_key" : 1,
		"rental_date_key" : 20050823,
		"return_date_key" : 20050830,
		"payment_date_key" : 20050823,
		"amount" : 5.99
	},
	{
		"fact_order_key" : 506,
		"rental_key" : 12211,
		"store_key" : 2,
		"film_key" : 324,
		"customer_key" : 19,
		"staff_key" : 1,
		"rental_date_key" : 20050823,
		"return_date_key" : 20050830,
		"payment_date_key" : 20050823,
		"amount" : 9.99
	},
	{
		"fact_order_key" : 507,
		"rental_key" : 12357,
		"store_key" : 2,
		"film_key" : 35,
		"customer_key" : 19,
		"staff_key" : 1,
		"rental_date_key" : 20050823,
		"return_date_key" : 20050830,
		"payment_date_key" : 20050823,
		"amount" : 2.99
	},
	{
		"fact_order_key" : 508,
		"rental_key" : 13718,
		"store_key" : 2,
		"film_key" : 45,
		"customer_key" : 19,
		"staff_key" : 2,
		"rental_date_key" : 20050823,
		"return_date_key" : 20050830,
		"payment_date_key" : 20050823,
		"amount" : 8.99
	},
	{
		"fact_order_key" : 509,
		"rental_key" : 13804,
		"store_key" : 1,
		"film_key" : 483,
		"customer_key" : 19,
		"staff_key" : 2,
		"rental_date_key" : 20050823,
		"return_date_key" : 20050830,
		"payment_date_key" : 20050823,
		"amount" : 8.99
	},
	{
		"fact_order_key" : 510,
		"rental_key" : 14101,
		"store_key" : 2,
		"film_key" : 412,
		"customer_key" : 19,
		"staff_key" : 1,
		"rental_date_key" : 20050823,
		"return_date_key" : 20050830,
		"payment_date_key" : 20050823,
		"amount" : 4.99
	},
	{
		"fact_order_key" : 511,
		"rental_key" : 15047,
		"store_key" : 2,
		"film_key" : 288,
		"customer_key" : 19,
		"staff_key" : 1,
		"rental_date_key" : 20050823,
		"return_date_key" : 20050830,
		"payment_date_key" : 20050823,
		"amount" : 2.99
	},
	{
		"fact_order_key" : 512,
		"rental_key" : 15529,
		"store_key" : 1,
		"film_key" : 875,
		"customer_key" : 19,
		"staff_key" : 1,
		"rental_date_key" : 20050823,
		"return_date_key" : 20050830,
		"payment_date_key" : 20050823,
		"amount" : 0.99
	},
	{
		"fact_order_key" : 513,
		"rental_key" : 202,
		"store_key" : 1,
		"film_key" : 147,
		"customer_key" : 20,
		"staff_key" : 1,
		"rental_date_key" : 20050823,
		"return_date_key" : 20050830,
		"payment_date_key" : 20050823,
		"amount" : 2.99
	},
	{
		"fact_order_key" : 514,
		"rental_key" : 497,
		"store_key" : 2,
		"film_key" : 578,
		"customer_key" : 20,
		"staff_key" : 2,
		"rental_date_key" : 20050823,
		"return_date_key" : 20050830,
		"payment_date_key" : 20050823,
		"amount" : 6.99
	},
	{
		"fact_order_key" : 515,
		"rental_key" : 546,
		"store_key" : 1,
		"film_key" : 109,
		"customer_key" : 20,
		"staff_key" : 1,
		"rental_date_key" : 20050823,
		"return_date_key" : 20050830,
		"payment_date_key" : 20050823,
		"amount" : 1.99
	},
	{
		"fact_order_key" : 516,
		"rental_key" : 1558,
		"store_key" : 2,
		"film_key" : 948,
		"customer_key" : 20,
		"staff_key" : 2,
		"rental_date_key" : 20050823,
		"return_date_key" : 20050830,
		"payment_date_key" : 20050823,
		"amount" : 0.99
	},
	{
		"fact_order_key" : 517,
		"rental_key" : 2136,
		"store_key" : 1,
		"film_key" : 581,
		"customer_key" : 20,
		"staff_key" : 2,
		"rental_date_key" : 20050823,
		"return_date_key" : 20050830,
		"payment_date_key" : 20050823,
		"amount" : 3.99
	},
	{
		"fact_order_key" : 518,
		"rental_key" : 2343,
		"store_key" : 1,
		"film_key" : 994,
		"customer_key" : 20,
		"staff_key" : 2,
		"rental_date_key" : 20050823,
		"return_date_key" : 20050830,
		"payment_date_key" : 20050823,
		"amount" : 4.99
	},
	{
		"fact_order_key" : 519,
		"rental_key" : 3350,
		"store_key" : 2,
		"film_key" : 707,
		"customer_key" : 20,
		"staff_key" : 2,
		"rental_date_key" : 20050823,
		"return_date_key" : 20050830,
		"payment_date_key" : 20050823,
		"amount" : 4.99
	},
	{
		"fact_order_key" : 520,
		"rental_key" : 4011,
		"store_key" : 2,
		"film_key" : 445,
		"customer_key" : 20,
		"staff_key" : 2,
		"rental_date_key" : 20050823,
		"return_date_key" : 20050830,
		"payment_date_key" : 20050823,
		"amount" : 3.99
	},
	{
		"fact_order_key" : 521,
		"rental_key" : 4407,
		"store_key" : 2,
		"film_key" : 59,
		"customer_key" : 20,
		"staff_key" : 1,
		"rental_date_key" : 20050823,
		"return_date_key" : 20050830,
		"payment_date_key" : 20050823,
		"amount" : 2.99
	},
	{
		"fact_order_key" : 522,
		"rental_key" : 5718,
		"store_key" : 2,
		"film_key" : 813,
		"customer_key" : 20,
		"staff_key" : 2,
		"rental_date_key" : 20050823,
		"return_date_key" : 20050830,
		"payment_date_key" : 20050823,
		"amount" : 2.99
	},
	{
		"fact_order_key" : 523,
		"rental_key" : 6254,
		"store_key" : 2,
		"film_key" : 443,
		"customer_key" : 20,
		"staff_key" : 2,
		"rental_date_key" : 20050823,
		"return_date_key" : 20050830,
		"payment_date_key" : 20050823,
		"amount" : 2.99
	},
	{
		"fact_order_key" : 524,
		"rental_key" : 6267,
		"store_key" : 1,
		"film_key" : 465,
		"customer_key" : 20,
		"staff_key" : 2,
		"rental_date_key" : 20050823,
		"return_date_key" : 20050830,
		"payment_date_key" : 20050823,
		"amount" : 6.99
	},
	{
		"fact_order_key" : 525,
		"rental_key" : 7217,
		"store_key" : 1,
		"film_key" : 580,
		"customer_key" : 20,
		"staff_key" : 1,
		"rental_date_key" : 20050823,
		"return_date_key" : 20050830,
		"payment_date_key" : 20050823,
		"amount" : 4.99
	},
	{
		"fact_order_key" : 526,
		"rental_key" : 7864,
		"store_key" : 1,
		"film_key" : 274,
		"customer_key" : 20,
		"staff_key" : 1,
		"rental_date_key" : 20050823,
		"return_date_key" : 20050830,
		"payment_date_key" : 20050823,
		"amount" : 5.99
	},
	{
		"fact_order_key" : 527,
		"rental_key" : 8127,
		"store_key" : 1,
		"film_key" : 928,
		"customer_key" : 20,
		"staff_key" : 2,
		"rental_date_key" : 20050823,
		"return_date_key" : 20050830,
		"payment_date_key" : 20050823,
		"amount" : 2.99
	},
	{
		"fact_order_key" : 528,
		"rental_key" : 9075,
		"store_key" : 1,
		"film_key" : 420,
		"customer_key" : 20,
		"staff_key" : 1,
		"rental_date_key" : 20050823,
		"return_date_key" : 20050830,
		"payment_date_key" : 20050823,
		"amount" : 4.99
	},
	{
		"fact_order_key" : 529,
		"rental_key" : 9468,
		"store_key" : 1,
		"film_key" : 952,
		"customer_key" : 20,
		"staff_key" : 2,
		"rental_date_key" : 20050823,
		"return_date_key" : 20050830,
		"payment_date_key" : 20050823,
		"amount" : 3.99
	},
	{
		"fact_order_key" : 530,
		"rental_key" : 10284,
		"store_key" : 2,
		"film_key" : 631,
		"customer_key" : 20,
		"staff_key" : 1,
		"rental_date_key" : 20050823,
		"return_date_key" : 20050830,
		"payment_date_key" : 20050823,
		"amount" : 4.99
	},
	{
		"fact_order_key" : 531,
		"rental_key" : 10616,
		"store_key" : 2,
		"film_key" : 243,
		"customer_key" : 20,
		"staff_key" : 2,
		"rental_date_key" : 20050823,
		"return_date_key" : 20050830,
		"payment_date_key" : 20050823,
		"amount" : 7.99
	},
	{
		"fact_order_key" : 532,
		"rental_key" : 10954,
		"store_key" : 1,
		"film_key" : 747,
		"customer_key" : 20,
		"staff_key" : 2,
		"rental_date_key" : 20050823,
		"return_date_key" : 20050830,
		"payment_date_key" : 20050823,
		"amount" : 1.99
	},
	{
		"fact_order_key" : 533,
		"rental_key" : 11821,
		"store_key" : 2,
		"film_key" : 595,
		"customer_key" : 20,
		"staff_key" : 1,
		"rental_date_key" : 20050823,
		"return_date_key" : 20050830,
		"payment_date_key" : 20050823,
		"amount" : 0.99
	},
	{
		"fact_order_key" : 534,
		"rental_key" : 12180,
		"store_key" : 1,
		"film_key" : 492,
		"customer_key" : 20,
		"staff_key" : 2,
		"rental_date_key" : 20050823,
		"return_date_key" : 20050830,
		"payment_date_key" : 20050823,
		"amount" : 0.99
	},
	{
		"fact_order_key" : 535,
		"rental_key" : 13036,
		"store_key" : 1,
		"film_key" : 321,
		"customer_key" : 20,
		"staff_key" : 2,
		"rental_date_key" : 20050823,
		"return_date_key" : 20050830,
		"payment_date_key" : 20050823,
		"amount" : 4.99
	},
	{
		"fact_order_key" : 536,
		"rental_key" : 13137,
		"store_key" : 1,
		"film_key" : 969,
		"customer_key" : 20,
		"staff_key" : 1,
		"rental_date_key" : 20050823,
		"return_date_key" : 20050830,
		"payment_date_key" : 20050823,
		"amount" : 4.99
	},
	{
		"fact_order_key" : 537,
		"rental_key" : 13317,
		"store_key" : 2,
		"film_key" : 735,
		"customer_key" : 20,
		"staff_key" : 2,
		"rental_date_key" : 20050823,
		"return_date_key" : 20050830,
		"payment_date_key" : 20050823,
		"amount" : 2.99
	},
	{
		"fact_order_key" : 538,
		"rental_key" : 14613,
		"store_key" : 2,
		"film_key" : 841,
		"customer_key" : 20,
		"staff_key" : 1,
		"rental_date_key" : 20050823,
		"return_date_key" : 20050830,
		"payment_date_key" : 20050823,
		"amount" : 2.99
	},
	{
		"fact_order_key" : 539,
		"rental_key" : 15057,
		"store_key" : 2,
		"film_key" : 989,
		"customer_key" : 20,
		"staff_key" : 1,
		"rental_date_key" : 20050823,
		"return_date_key" : 20050830,
		"payment_date_key" : 20050823,
		"amount" : 6.99
	},
	{
		"fact_order_key" : 540,
		"rental_key" : 15161,
		"store_key" : 1,
		"film_key" : 317,
		"customer_key" : 20,
		"staff_key" : 1,
		"rental_date_key" : 20050823,
		"return_date_key" : 20050830,
		"payment_date_key" : 20050823,
		"amount" : 1.99
	},
	{
		"fact_order_key" : 541,
		"rental_key" : 15248,
		"store_key" : 1,
		"film_key" : 218,
		"customer_key" : 20,
		"staff_key" : 2,
		"rental_date_key" : 20050823,
		"return_date_key" : 20050830,
		"payment_date_key" : 20050823,
		"amount" : 0.99
	},
	{
		"fact_order_key" : 542,
		"rental_key" : 15460,
		"store_key" : 2,
		"film_key" : 638,
		"customer_key" : 20,
		"staff_key" : 2,
		"rental_date_key" : 20050823,
		"return_date_key" : 20050830,
		"payment_date_key" : 20050823,
		"amount" : 2.99
	},
	{
		"fact_order_key" : 543,
		"rental_key" : 260,
		"store_key" : 1,
		"film_key" : 96,
		"customer_key" : 21,
		"staff_key" : 2,
		"rental_date_key" : 20050823,
		"return_date_key" : 20050830,
		"payment_date_key" : 20050823,
		"amount" : 3.99
	},
	{
		"fact_order_key" : 544,
		"rental_key" : 463,
		"store_key" : 1,
		"film_key" : 181,
		"customer_key" : 21,
		"staff_key" : 1,
		"rental_date_key" : 20050823,
		"return_date_key" : 20050830,
		"payment_date_key" : 20050823,
		"amount" : 3.99
	},
	{
		"fact_order_key" : 545,
		"rental_key" : 570,
		"store_key" : 1,
		"film_key" : 249,
		"customer_key" : 21,
		"staff_key" : 1,
		"rental_date_key" : 20050823,
		"return_date_key" : 20050830,
		"payment_date_key" : 20050823,
		"amount" : 0.99
	},
	{
		"fact_order_key" : 546,
		"rental_key" : 2235,
		"store_key" : 2,
		"film_key" : 759,
		"customer_key" : 21,
		"staff_key" : 1,
		"rental_date_key" : 20050823,
		"return_date_key" : 20050830,
		"payment_date_key" : 20050823,
		"amount" : 7.99
	},
	{
		"fact_order_key" : 547,
		"rental_key" : 2268,
		"store_key" : 1,
		"film_key" : 957,
		"customer_key" : 21,
		"staff_key" : 2,
		"rental_date_key" : 20050823,
		"return_date_key" : 20050830,
		"payment_date_key" : 20050823,
		"amount" : 4.99
	},
	{
		"fact_order_key" : 548,
		"rental_key" : 2393,
		"store_key" : 1,
		"film_key" : 690,
		"customer_key" : 21,
		"staff_key" : 1,
		"rental_date_key" : 20050823,
		"return_date_key" : 20050830,
		"payment_date_key" : 20050823,
		"amount" : 2.99
	},
	{
		"fact_order_key" : 549,
		"rental_key" : 2830,
		"store_key" : 1,
		"film_key" : 451,
		"customer_key" : 21,
		"staff_key" : 1,
		"rental_date_key" : 20050823,
		"return_date_key" : 20050830,
		"payment_date_key" : 20050823,
		"amount" : 4.99
	},
	{
		"fact_order_key" : 550,
		"rental_key" : 3212,
		"store_key" : 2,
		"film_key" : 908,
		"customer_key" : 21,
		"staff_key" : 2,
		"rental_date_key" : 20050823,
		"return_date_key" : 20050830,
		"payment_date_key" : 20050823,
		"amount" : 10.99
	},
	{
		"fact_order_key" : 551,
		"rental_key" : 5107,
		"store_key" : 2,
		"film_key" : 369,
		"customer_key" : 21,
		"staff_key" : 2,
		"rental_date_key" : 20050823,
		"return_date_key" : 20050830,
		"payment_date_key" : 20050823,
		"amount" : 4.99
	},
	{
		"fact_order_key" : 552,
		"rental_key" : 5772,
		"store_key" : 1,
		"film_key" : 793,
		"customer_key" : 21,
		"staff_key" : 1,
		"rental_date_key" : 20050823,
		"return_date_key" : 20050830,
		"payment_date_key" : 20050823,
		"amount" : 3.99
	},
	{
		"fact_order_key" : 553,
		"rental_key" : 5961,
		"store_key" : 2,
		"film_key" : 773,
		"customer_key" : 21,
		"staff_key" : 2,
		"rental_date_key" : 20050823,
		"return_date_key" : 20050830,
		"payment_date_key" : 20050823,
		"amount" : 2.99
	},
	{
		"fact_order_key" : 554,
		"rental_key" : 6943,
		"store_key" : 2,
		"film_key" : 531,
		"customer_key" : 21,
		"staff_key" : 2,
		"rental_date_key" : 20050823,
		"return_date_key" : 20050830,
		"payment_date_key" : 20050823,
		"amount" : 1.99
	},
	{
		"fact_order_key" : 555,
		"rental_key" : 7994,
		"store_key" : 1,
		"film_key" : 531,
		"customer_key" : 21,
		"staff_key" : 2,
		"rental_date_key" : 20050823,
		"return_date_key" : 20050830,
		"payment_date_key" : 20050823,
		"amount" : 0.99
	},
	{
		"fact_order_key" : 556,
		"rental_key" : 8196,
		"store_key" : 2,
		"film_key" : 753,
		"customer_key" : 21,
		"staff_key" : 1,
		"rental_date_key" : 20050823,
		"return_date_key" : 20050830,
		"payment_date_key" : 20050823,
		"amount" : 6.99
	},
	{
		"fact_order_key" : 557,
		"rental_key" : 8862,
		"store_key" : 1,
		"film_key" : 204,
		"customer_key" : 21,
		"staff_key" : 1,
		"rental_date_key" : 20050823,
		"return_date_key" : 20050830,
		"payment_date_key" : 20050823,
		"amount" : 2.99
	},
	{
		"fact_order_key" : 558,
		"rental_key" : 9149,
		"store_key" : 1,
		"film_key" : 577,
		"customer_key" : 21,
		"staff_key" : 1,
		"rental_date_key" : 20050823,
		"return_date_key" : 20050830,
		"payment_date_key" : 20050823,
		"amount" : 0.99
	},
	{
		"fact_order_key" : 559,
		"rental_key" : 9699,
		"store_key" : 2,
		"film_key" : 44,
		"customer_key" : 21,
		"staff_key" : 1,
		"rental_date_key" : 20050823,
		"return_date_key" : 20050830,
		"payment_date_key" : 20050823,
		"amount" : 5.99
	},
	{
		"fact_order_key" : 560,
		"rental_key" : 10570,
		"store_key" : 1,
		"film_key" : 81,
		"customer_key" : 21,
		"staff_key" : 2,
		"rental_date_key" : 20050823,
		"return_date_key" : 20050830,
		"payment_date_key" : 20050823,
		"amount" : 4.99
	},
	{
		"fact_order_key" : 561,
		"rental_key" : 10734,
		"store_key" : 2,
		"film_key" : 250,
		"customer_key" : 21,
		"staff_key" : 2,
		"rental_date_key" : 20050823,
		"return_date_key" : 20050830,
		"payment_date_key" : 20050823,
		"amount" : 0.99
	},
	{
		"fact_order_key" : 562,
		"rental_key" : 11072,
		"store_key" : 1,
		"film_key" : 677,
		"customer_key" : 21,
		"staff_key" : 1,
		"rental_date_key" : 20050823,
		"return_date_key" : 20050830,
		"payment_date_key" : 20050823,
		"amount" : 0.99
	},
	{
		"fact_order_key" : 563,
		"rental_key" : 11970,
		"store_key" : 1,
		"film_key" : 387,
		"customer_key" : 21,
		"staff_key" : 1,
		"rental_date_key" : 20050823,
		"return_date_key" : 20050830,
		"payment_date_key" : 20050823,
		"amount" : 0.99
	},
	{
		"fact_order_key" : 564,
		"rental_key" : 12131,
		"store_key" : 2,
		"film_key" : 741,
		"customer_key" : 21,
		"staff_key" : 1,
		"rental_date_key" : 20050823,
		"return_date_key" : 20050830,
		"payment_date_key" : 20050823,
		"amount" : 2.99
	},
	{
		"fact_order_key" : 565,
		"rental_key" : 12660,
		"store_key" : 1,
		"film_key" : 91,
		"customer_key" : 21,
		"staff_key" : 2,
		"rental_date_key" : 20050823,
		"return_date_key" : 20050830,
		"payment_date_key" : 20050823,
		"amount" : 4.99
	},
	{
		"fact_order_key" : 566,
		"rental_key" : 12774,
		"store_key" : 1,
		"film_key" : 787,
		"customer_key" : 21,
		"staff_key" : 2,
		"rental_date_key" : 20050823,
		"return_date_key" : 20050830,
		"payment_date_key" : 20050823,
		"amount" : 6.99
	},
	{
		"fact_order_key" : 567,
		"rental_key" : 13381,
		"store_key" : 1,
		"film_key" : 620,
		"customer_key" : 21,
		"staff_key" : 2,
		"rental_date_key" : 20050823,
		"return_date_key" : 20050830,
		"payment_date_key" : 20050823,
		"amount" : 2.99
	},
	{
		"fact_order_key" : 568,
		"rental_key" : 13399,
		"store_key" : 1,
		"film_key" : 502,
		"customer_key" : 21,
		"staff_key" : 2,
		"rental_date_key" : 20050823,
		"return_date_key" : 20050830,
		"payment_date_key" : 20050823,
		"amount" : 4.99
	},
	{
		"fact_order_key" : 569,
		"rental_key" : 13411,
		"store_key" : 2,
		"film_key" : 967,
		"customer_key" : 21,
		"staff_key" : 2,
		"rental_date_key" : 20050823,
		"return_date_key" : 20050830,
		"payment_date_key" : 20050823,
		"amount" : 4.99
	},
	{
		"fact_order_key" : 570,
		"rental_key" : 13463,
		"store_key" : 2,
		"film_key" : 113,
		"customer_key" : 21,
		"staff_key" : 1,
		"rental_date_key" : 20050823,
		"return_date_key" : 20050830,
		"payment_date_key" : 20050823,
		"amount" : 8.99
	},
	{
		"fact_order_key" : 571,
		"rental_key" : 13699,
		"store_key" : 2,
		"film_key" : 854,
		"customer_key" : 21,
		"staff_key" : 2,
		"rental_date_key" : 20050823,
		"return_date_key" : 20050830,
		"payment_date_key" : 20050823,
		"amount" : 9.99
	},
	{
		"fact_order_key" : 572,
		"rental_key" : 13740,
		"store_key" : 1,
		"film_key" : 952,
		"customer_key" : 21,
		"staff_key" : 1,
		"rental_date_key" : 20050823,
		"return_date_key" : 20050830,
		"payment_date_key" : 20050823,
		"amount" : 4.99
	},
	{
		"fact_order_key" : 573,
		"rental_key" : 14077,
		"store_key" : 2,
		"film_key" : 698,
		"customer_key" : 21,
		"staff_key" : 1,
		"rental_date_key" : 20050823,
		"return_date_key" : 20050830,
		"payment_date_key" : 20050823,
		"amount" : 8.99
	},
	{
		"fact_order_key" : 574,
		"rental_key" : 14161,
		"store_key" : 1,
		"film_key" : 602,
		"customer_key" : 21,
		"staff_key" : 2,
		"rental_date_key" : 20050823,
		"return_date_key" : 20050830,
		"payment_date_key" : 20050823,
		"amount" : 2.99
	},
	{
		"fact_order_key" : 575,
		"rental_key" : 14446,
		"store_key" : 1,
		"film_key" : 952,
		"customer_key" : 21,
		"staff_key" : 1,
		"rental_date_key" : 20050823,
		"return_date_key" : 20050830,
		"payment_date_key" : 20050823,
		"amount" : 2.99
	},
	{
		"fact_order_key" : 576,
		"rental_key" : 14869,
		"store_key" : 2,
		"film_key" : 100,
		"customer_key" : 21,
		"staff_key" : 2,
		"rental_date_key" : 20050823,
		"return_date_key" : 20050830,
		"payment_date_key" : 20050823,
		"amount" : 4.99
	},
	{
		"fact_order_key" : 577,
		"rental_key" : 14933,
		"store_key" : 2,
		"film_key" : 264,
		"customer_key" : 21,
		"staff_key" : 2,
		"rental_date_key" : 20050823,
		"return_date_key" : 20050830,
		"payment_date_key" : 20050823,
		"amount" : 2.99
	},
	{
		"fact_order_key" : 578,
		"rental_key" : 370,
		"store_key" : 2,
		"film_key" : 735,
		"customer_key" : 22,
		"staff_key" : 2,
		"rental_date_key" : 20050823,
		"return_date_key" : 20050830,
		"payment_date_key" : 20050823,
		"amount" : 4.99
	},
	{
		"fact_order_key" : 579,
		"rental_key" : 556,
		"store_key" : 1,
		"film_key" : 394,
		"customer_key" : 22,
		"staff_key" : 2,
		"rental_date_key" : 20050823,
		"return_date_key" : 20050830,
		"payment_date_key" : 20050823,
		"amount" : 4.99
	},
	{
		"fact_order_key" : 580,
		"rental_key" : 820,
		"store_key" : 1,
		"film_key" : 567,
		"customer_key" : 22,
		"staff_key" : 2,
		"rental_date_key" : 20050823,
		"return_date_key" : 20050830,
		"payment_date_key" : 20050823,
		"amount" : 8.99
	},
	{
		"fact_order_key" : 581,
		"rental_key" : 3419,
		"store_key" : 1,
		"film_key" : 876,
		"customer_key" : 22,
		"staff_key" : 1,
		"rental_date_key" : 20050823,
		"return_date_key" : 20050830,
		"payment_date_key" : 20050823,
		"amount" : 2.99
	},
	{
		"fact_order_key" : 582,
		"rental_key" : 4215,
		"store_key" : 1,
		"film_key" : 274,
		"customer_key" : 22,
		"staff_key" : 2,
		"rental_date_key" : 20050823,
		"return_date_key" : 20050830,
		"payment_date_key" : 20050823,
		"amount" : 2.99
	},
	{
		"fact_order_key" : 583,
		"rental_key" : 5294,
		"store_key" : 2,
		"film_key" : 710,
		"customer_key" : 22,
		"staff_key" : 2,
		"rental_date_key" : 20050823,
		"return_date_key" : 20050830,
		"payment_date_key" : 20050823,
		"amount" : 6.99
	},
	{
		"fact_order_key" : 584,
		"rental_key" : 5815,
		"store_key" : 2,
		"film_key" : 644,
		"customer_key" : 22,
		"staff_key" : 1,
		"rental_date_key" : 20050823,
		"return_date_key" : 20050830,
		"payment_date_key" : 20050823,
		"amount" : 2.99
	},
	{
		"fact_order_key" : 585,
		"rental_key" : 7087,
		"store_key" : 2,
		"film_key" : 256,
		"customer_key" : 22,
		"staff_key" : 1,
		"rental_date_key" : 20050823,
		"return_date_key" : 20050830,
		"payment_date_key" : 20050823,
		"amount" : 4.99
	},
	{
		"fact_order_key" : 586,
		"rental_key" : 7705,
		"store_key" : 1,
		"film_key" : 239,
		"customer_key" : 22,
		"staff_key" : 2,
		"rental_date_key" : 20050823,
		"return_date_key" : 20050830,
		"payment_date_key" : 20050823,
		"amount" : 7.99
	},
	{
		"fact_order_key" : 587,
		"rental_key" : 9410,
		"store_key" : 2,
		"film_key" : 388,
		"customer_key" : 22,
		"staff_key" : 2,
		"rental_date_key" : 20050823,
		"return_date_key" : 20050830,
		"payment_date_key" : 20050823,
		"amount" : 0.99
	},
	{
		"fact_order_key" : 588,
		"rental_key" : 9580,
		"store_key" : 1,
		"film_key" : 117,
		"customer_key" : 22,
		"staff_key" : 1,
		"rental_date_key" : 20050823,
		"return_date_key" : 20050830,
		"payment_date_key" : 20050823,
		"amount" : 4.99
	},
	{
		"fact_order_key" : 589,
		"rental_key" : 12023,
		"store_key" : 2,
		"film_key" : 55,
		"customer_key" : 22,
		"staff_key" : 1,
		"rental_date_key" : 20050823,
		"return_date_key" : 20050830,
		"payment_date_key" : 20050823,
		"amount" : 5.99
	},
	{
		"fact_order_key" : 590,
		"rental_key" : 12124,
		"store_key" : 2,
		"film_key" : 443,
		"customer_key" : 22,
		"staff_key" : 1,
		"rental_date_key" : 20050823,
		"return_date_key" : 20050830,
		"payment_date_key" : 20050823,
		"amount" : 2.99
	},
	{
		"fact_order_key" : 591,
		"rental_key" : 12809,
		"store_key" : 2,
		"film_key" : 436,
		"customer_key" : 22,
		"staff_key" : 1,
		"rental_date_key" : 20050823,
		"return_date_key" : 20050830,
		"payment_date_key" : 20050823,
		"amount" : 0.99
	},
	{
		"fact_order_key" : 592,
		"rental_key" : 13060,
		"store_key" : 2,
		"film_key" : 112,
		"customer_key" : 22,
		"staff_key" : 1,
		"rental_date_key" : 20050823,
		"return_date_key" : 20050830,
		"payment_date_key" : 20050823,
		"amount" : 9.99
	},
	{
		"fact_order_key" : 593,
		"rental_key" : 14056,
		"store_key" : 1,
		"film_key" : 287,
		"customer_key" : 22,
		"staff_key" : 2,
		"rental_date_key" : 20050823,
		"return_date_key" : 20050830,
		"payment_date_key" : 20050823,
		"amount" : 2.99
	},
	{
		"fact_order_key" : 594,
		"rental_key" : 14564,
		"store_key" : 2,
		"film_key" : 715,
		"customer_key" : 22,
		"staff_key" : 1,
		"rental_date_key" : 20050823,
		"return_date_key" : 20050830,
		"payment_date_key" : 20050823,
		"amount" : 6.99
	},
	{
		"fact_order_key" : 595,
		"rental_key" : 15134,
		"store_key" : 1,
		"film_key" : 971,
		"customer_key" : 22,
		"staff_key" : 1,
		"rental_date_key" : 20050823,
		"return_date_key" : 20050830,
		"payment_date_key" : 20050823,
		"amount" : 7.99
	},
	{
		"fact_order_key" : 596,
		"rental_key" : 15589,
		"store_key" : 2,
		"film_key" : 519,
		"customer_key" : 22,
		"staff_key" : 2,
		"rental_date_key" : 20050823,
		"return_date_key" : 20050830,
		"payment_date_key" : 20050823,
		"amount" : 6.99
	},
	{
		"fact_order_key" : 597,
		"rental_key" : 15658,
		"store_key" : 2,
		"film_key" : 779,
		"customer_key" : 22,
		"staff_key" : 1,
		"rental_date_key" : 20050823,
		"return_date_key" : 20050830,
		"payment_date_key" : 20050823,
		"amount" : 4.99
	},
	{
		"fact_order_key" : 598,
		"rental_key" : 15793,
		"store_key" : 2,
		"film_key" : 627,
		"customer_key" : 22,
		"staff_key" : 2,
		"rental_date_key" : 20050823,
		"return_date_key" : 20050830,
		"payment_date_key" : 20050823,
		"amount" : 4.99
	},
	{
		"fact_order_key" : 599,
		"rental_key" : 12222,
		"store_key" : 2,
		"film_key" : 861,
		"customer_key" : 22,
		"staff_key" : 1,
		"rental_date_key" : 20050823,
		"return_date_key" : 20050830,
		"payment_date_key" : 20050823,
		"amount" : 4.99
	},
	{
		"fact_order_key" : 600,
		"rental_key" : 129,
		"store_key" : 1,
		"film_key" : 902,
		"customer_key" : 23,
		"staff_key" : 2,
		"rental_date_key" : 20050823,
		"return_date_key" : 20050830,
		"payment_date_key" : 20050823,
		"amount" : 8.99
	},
	{
		"fact_order_key" : 601,
		"rental_key" : 654,
		"store_key" : 1,
		"film_key" : 502,
		"customer_key" : 23,
		"staff_key" : 2,
		"rental_date_key" : 20050823,
		"return_date_key" : 20050830,
		"payment_date_key" : 20050823,
		"amount" : 2.99
	},
	{
		"fact_order_key" : 602,
		"rental_key" : 1090,
		"store_key" : 1,
		"film_key" : 732,
		"customer_key" : 23,
		"staff_key" : 2,
		"rental_date_key" : 20050823,
		"return_date_key" : 20050830,
		"payment_date_key" : 20050823,
		"amount" : 0.99
	},
	{
		"fact_order_key" : 603,
		"rental_key" : 2753,
		"store_key" : 2,
		"film_key" : 525,
		"customer_key" : 23,
		"staff_key" : 1,
		"rental_date_key" : 20050823,
		"return_date_key" : 20050830,
		"payment_date_key" : 20050823,
		"amount" : 1.99
	},
	{
		"fact_order_key" : 604,
		"rental_key" : 2827,
		"store_key" : 2,
		"film_key" : 602,
		"customer_key" : 23,
		"staff_key" : 2,
		"rental_date_key" : 20050823,
		"return_date_key" : 20050830,
		"payment_date_key" : 20050823,
		"amount" : 0.99
	},
	{
		"fact_order_key" : 605,
		"rental_key" : 3015,
		"store_key" : 1,
		"film_key" : 289,
		"customer_key" : 23,
		"staff_key" : 2,
		"rental_date_key" : 20050823,
		"return_date_key" : 20050830,
		"payment_date_key" : 20050823,
		"amount" : 5.99
	},
	{
		"fact_order_key" : 606,
		"rental_key" : 3055,
		"store_key" : 1,
		"film_key" : 330,
		"customer_key" : 23,
		"staff_key" : 1,
		"rental_date_key" : 20050823,
		"return_date_key" : 20050830,
		"payment_date_key" : 20050823,
		"amount" : 4.99
	},
	{
		"fact_order_key" : 607,
		"rental_key" : 3461,
		"store_key" : 1,
		"film_key" : 374,
		"customer_key" : 23,
		"staff_key" : 1,
		"rental_date_key" : 20050823,
		"return_date_key" : 20050830,
		"payment_date_key" : 20050823,
		"amount" : 2.99
	},
	{
		"fact_order_key" : 608,
		"rental_key" : 3736,
		"store_key" : 1,
		"film_key" : 331,
		"customer_key" : 23,
		"staff_key" : 2,
		"rental_date_key" : 20050823,
		"return_date_key" : 20050830,
		"payment_date_key" : 20050823,
		"amount" : 3.99
	},
	{
		"fact_order_key" : 609,
		"rental_key" : 3781,
		"store_key" : 2,
		"film_key" : 850,
		"customer_key" : 23,
		"staff_key" : 1,
		"rental_date_key" : 20050823,
		"return_date_key" : 20050830,
		"payment_date_key" : 20050823,
		"amount" : 2.99
	},
	{
		"fact_order_key" : 610,
		"rental_key" : 4853,
		"store_key" : 1,
		"film_key" : 319,
		"customer_key" : 23,
		"staff_key" : 2,
		"rental_date_key" : 20050823,
		"return_date_key" : 20050830,
		"payment_date_key" : 20050823,
		"amount" : 2.99
	},
	{
		"fact_order_key" : 611,
		"rental_key" : 6213,
		"store_key" : 1,
		"film_key" : 109,
		"customer_key" : 23,
		"staff_key" : 2,
		"rental_date_key" : 20050823,
		"return_date_key" : 20050830,
		"payment_date_key" : 20050823,
		"amount" : 2.99
	},
	{
		"fact_order_key" : 612,
		"rental_key" : 6238,
		"store_key" : 1,
		"film_key" : 820,
		"customer_key" : 23,
		"staff_key" : 1,
		"rental_date_key" : 20050823,
		"return_date_key" : 20050830,
		"payment_date_key" : 20050823,
		"amount" : 2.99
	},
	{
		"fact_order_key" : 613,
		"rental_key" : 6917,
		"store_key" : 2,
		"film_key" : 668,
		"customer_key" : 23,
		"staff_key" : 1,
		"rental_date_key" : 20050823,
		"return_date_key" : 20050830,
		"payment_date_key" : 20050823,
		"amount" : 5.99
	},
	{
		"fact_order_key" : 614,
		"rental_key" : 7155,
		"store_key" : 2,
		"film_key" : 37,
		"customer_key" : 23,
		"staff_key" : 1,
		"rental_date_key" : 20050823,
		"return_date_key" : 20050830,
		"payment_date_key" : 20050823,
		"amount" : 7.99
	},
	{
		"fact_order_key" : 615,
		"rental_key" : 8015,
		"store_key" : 1,
		"film_key" : 394,
		"customer_key" : 23,
		"staff_key" : 2,
		"rental_date_key" : 20050823,
		"return_date_key" : 20050830,
		"payment_date_key" : 20050823,
		"amount" : 2.99
	},
	{
		"fact_order_key" : 616,
		"rental_key" : 8718,
		"store_key" : 1,
		"film_key" : 27,
		"customer_key" : 23,
		"staff_key" : 2,
		"rental_date_key" : 20050823,
		"return_date_key" : 20050830,
		"payment_date_key" : 20050823,
		"amount" : 0.99
	},
	{
		"fact_order_key" : 617,
		"rental_key" : 9209,
		"store_key" : 1,
		"film_key" : 859,
		"customer_key" : 23,
		"staff_key" : 2,
		"rental_date_key" : 20050823,
		"return_date_key" : 20050830,
		"payment_date_key" : 20050823,
		"amount" : 5.99
	},
	{
		"fact_order_key" : 618,
		"rental_key" : 9255,
		"store_key" : 1,
		"film_key" : 350,
		"customer_key" : 23,
		"staff_key" : 1,
		"rental_date_key" : 20050823,
		"return_date_key" : 20050830,
		"payment_date_key" : 20050823,
		"amount" : 9.99
	},
	{
		"fact_order_key" : 619,
		"rental_key" : 9718,
		"store_key" : 2,
		"film_key" : 602,
		"customer_key" : 23,
		"staff_key" : 2,
		"rental_date_key" : 20050823,
		"return_date_key" : 20050830,
		"payment_date_key" : 20050823,
		"amount" : 3.99
	},
	{
		"fact_order_key" : 620,
		"rental_key" : 10132,
		"store_key" : 2,
		"film_key" : 857,
		"customer_key" : 23,
		"staff_key" : 2,
		"rental_date_key" : 20050823,
		"return_date_key" : 20050830,
		"payment_date_key" : 20050823,
		"amount" : 6.99
	},
	{
		"fact_order_key" : 621,
		"rental_key" : 10898,
		"store_key" : 1,
		"film_key" : 835,
		"customer_key" : 23,
		"staff_key" : 2,
		"rental_date_key" : 20050823,
		"return_date_key" : 20050830,
		"payment_date_key" : 20050823,
		"amount" : 2.99
	},
	{
		"fact_order_key" : 622,
		"rental_key" : 11501,
		"store_key" : 1,
		"film_key" : 464,
		"customer_key" : 23,
		"staff_key" : 2,
		"rental_date_key" : 20050823,
		"return_date_key" : 20050830,
		"payment_date_key" : 20050823,
		"amount" : 2.99
	},
	{
		"fact_order_key" : 623,
		"rental_key" : 13290,
		"store_key" : 1,
		"film_key" : 907,
		"customer_key" : 23,
		"staff_key" : 2,
		"rental_date_key" : 20050823,
		"return_date_key" : 20050830,
		"payment_date_key" : 20050823,
		"amount" : 2.99
	},
	{
		"fact_order_key" : 624,
		"rental_key" : 13331,
		"store_key" : 1,
		"film_key" : 846,
		"customer_key" : 23,
		"staff_key" : 1,
		"rental_date_key" : 20050823,
		"return_date_key" : 20050830,
		"payment_date_key" : 20050823,
		"amount" : 4.99
	},
	{
		"fact_order_key" : 625,
		"rental_key" : 13429,
		"store_key" : 2,
		"film_key" : 804,
		"customer_key" : 23,
		"staff_key" : 2,
		"rental_date_key" : 20050823,
		"return_date_key" : 20050830,
		"payment_date_key" : 20050823,
		"amount" : 6.99
	},
	{
		"fact_order_key" : 626,
		"rental_key" : 13511,
		"store_key" : 2,
		"film_key" : 651,
		"customer_key" : 23,
		"staff_key" : 1,
		"rental_date_key" : 20050823,
		"return_date_key" : 20050830,
		"payment_date_key" : 20050823,
		"amount" : 0.99
	},
	{
		"fact_order_key" : 627,
		"rental_key" : 13557,
		"store_key" : 2,
		"film_key" : 496,
		"customer_key" : 23,
		"staff_key" : 2,
		"rental_date_key" : 20050823,
		"return_date_key" : 20050830,
		"payment_date_key" : 20050823,
		"amount" : 0.99
	},
	{
		"fact_order_key" : 628,
		"rental_key" : 14482,
		"store_key" : 1,
		"film_key" : 608,
		"customer_key" : 23,
		"staff_key" : 1,
		"rental_date_key" : 20050823,
		"return_date_key" : 20050830,
		"payment_date_key" : 20050823,
		"amount" : 2.99
	},
	{
		"fact_order_key" : 629,
		"rental_key" : 15532,
		"store_key" : 2,
		"film_key" : 236,
		"customer_key" : 23,
		"staff_key" : 1,
		"rental_date_key" : 20050823,
		"return_date_key" : 20050830,
		"payment_date_key" : 20050823,
		"amount" : 2.99
	},
	{
		"fact_order_key" : 630,
		"rental_key" : 1007,
		"store_key" : 2,
		"film_key" : 698,
		"customer_key" : 24,
		"staff_key" : 2,
		"rental_date_key" : 20050823,
		"return_date_key" : 20050830,
		"payment_date_key" : 20050823,
		"amount" : 6.99
	},
	{
		"fact_order_key" : 631,
		"rental_key" : 1077,
		"store_key" : 1,
		"film_key" : 433,
		"customer_key" : 24,
		"staff_key" : 1,
		"rental_date_key" : 20050823,
		"return_date_key" : 20050830,
		"payment_date_key" : 20050823,
		"amount" : 2.99
	},
	{
		"fact_order_key" : 632,
		"rental_key" : 1716,
		"store_key" : 2,
		"film_key" : 4,
		"customer_key" : 24,
		"staff_key" : 1,
		"rental_date_key" : 20050823,
		"return_date_key" : 20050830,
		"payment_date_key" : 20050823,
		"amount" : 2.99
	},
	{
		"fact_order_key" : 633,
		"rental_key" : 2070,
		"store_key" : 2,
		"film_key" : 572,
		"customer_key" : 24,
		"staff_key" : 1,
		"rental_date_key" : 20050823,
		"return_date_key" : 20050830,
		"payment_date_key" : 20050823,
		"amount" : 2.99
	},
	{
		"fact_order_key" : 634,
		"rental_key" : 2116,
		"store_key" : 1,
		"film_key" : 518,
		"customer_key" : 24,
		"staff_key" : 2,
		"rental_date_key" : 20050823,
		"return_date_key" : 20050830,
		"payment_date_key" : 20050823,
		"amount" : 4.99
	},
	{
		"fact_order_key" : 635,
		"rental_key" : 2451,
		"store_key" : 1,
		"film_key" : 183,
		"customer_key" : 24,
		"staff_key" : 1,
		"rental_date_key" : 20050823,
		"return_date_key" : 20050830,
		"payment_date_key" : 20050823,
		"amount" : 5.99
	},
	{
		"fact_order_key" : 636,
		"rental_key" : 2963,
		"store_key" : 2,
		"film_key" : 316,
		"customer_key" : 24,
		"staff_key" : 1,
		"rental_date_key" : 20050823,
		"return_date_key" : 20050830,
		"payment_date_key" : 20050823,
		"amount" : 7.99
	},
	{
		"fact_order_key" : 637,
		"rental_key" : 3649,
		"store_key" : 2,
		"film_key" : 778,
		"customer_key" : 24,
		"staff_key" : 1,
		"rental_date_key" : 20050823,
		"return_date_key" : 20050830,
		"payment_date_key" : 20050823,
		"amount" : 7.99
	},
	{
		"fact_order_key" : 638,
		"rental_key" : 4378,
		"store_key" : 1,
		"film_key" : 275,
		"customer_key" : 24,
		"staff_key" : 2,
		"rental_date_key" : 20050823,
		"return_date_key" : 20050830,
		"payment_date_key" : 20050823,
		"amount" : 2.99
	},
	{
		"fact_order_key" : 639,
		"rental_key" : 5310,
		"store_key" : 1,
		"film_key" : 344,
		"customer_key" : 24,
		"staff_key" : 2,
		"rental_date_key" : 20050823,
		"return_date_key" : 20050830,
		"payment_date_key" : 20050823,
		"amount" : 0.99
	},
	{
		"fact_order_key" : 640,
		"rental_key" : 5648,
		"store_key" : 1,
		"film_key" : 951,
		"customer_key" : 24,
		"staff_key" : 2,
		"rental_date_key" : 20050823,
		"return_date_key" : 20050830,
		"payment_date_key" : 20050823,
		"amount" : 0.99
	},
	{
		"fact_order_key" : 641,
		"rental_key" : 6855,
		"store_key" : 1,
		"film_key" : 583,
		"customer_key" : 24,
		"staff_key" : 2,
		"rental_date_key" : 20050823,
		"return_date_key" : 20050830,
		"payment_date_key" : 20050823,
		"amount" : 4.99
	},
	{
		"fact_order_key" : 642,
		"rental_key" : 7266,
		"store_key" : 1,
		"film_key" : 741,
		"customer_key" : 24,
		"staff_key" : 1,
		"rental_date_key" : 20050823,
		"return_date_key" : 20050830,
		"payment_date_key" : 20050823,
		"amount" : 1.99
	},
	{
		"fact_order_key" : 643,
		"rental_key" : 8947,
		"store_key" : 2,
		"film_key" : 75,
		"customer_key" : 24,
		"staff_key" : 2,
		"rental_date_key" : 20050823,
		"return_date_key" : 20050830,
		"payment_date_key" : 20050823,
		"amount" : 4.99
	},
	{
		"fact_order_key" : 644,
		"rental_key" : 9723,
		"store_key" : 2,
		"film_key" : 864,
		"customer_key" : 24,
		"staff_key" : 1,
		"rental_date_key" : 20050823,
		"return_date_key" : 20050830,
		"payment_date_key" : 20050823,
		"amount" : 0.99
	},
	{
		"fact_order_key" : 645,
		"rental_key" : 9925,
		"store_key" : 2,
		"film_key" : 511,
		"customer_key" : 24,
		"staff_key" : 1,
		"rental_date_key" : 20050823,
		"return_date_key" : 20050830,
		"payment_date_key" : 20050823,
		"amount" : 0.99
	},
	{
		"fact_order_key" : 646,
		"rental_key" : 10491,
		"store_key" : 2,
		"film_key" : 679,
		"customer_key" : 24,
		"staff_key" : 2,
		"rental_date_key" : 20050823,
		"return_date_key" : 20050830,
		"payment_date_key" : 20050823,
		"amount" : 2.99
	},
	{
		"fact_order_key" : 647,
		"rental_key" : 11209,
		"store_key" : 2,
		"film_key" : 707,
		"customer_key" : 24,
		"staff_key" : 1,
		"rental_date_key" : 20050823,
		"return_date_key" : 20050830,
		"payment_date_key" : 20050823,
		"amount" : 2.99
	},
	{
		"fact_order_key" : 648,
		"rental_key" : 11546,
		"store_key" : 2,
		"film_key" : 554,
		"customer_key" : 24,
		"staff_key" : 1,
		"rental_date_key" : 20050823,
		"return_date_key" : 20050830,
		"payment_date_key" : 20050823,
		"amount" : 2.99
	},
	{
		"fact_order_key" : 649,
		"rental_key" : 12165,
		"store_key" : 2,
		"film_key" : 916,
		"customer_key" : 24,
		"staff_key" : 2,
		"rental_date_key" : 20050823,
		"return_date_key" : 20050830,
		"payment_date_key" : 20050823,
		"amount" : 8.99
	},
	{
		"fact_order_key" : 650,
		"rental_key" : 12745,
		"store_key" : 2,
		"film_key" : 58,
		"customer_key" : 24,
		"staff_key" : 2,
		"rental_date_key" : 20050823,
		"return_date_key" : 20050830,
		"payment_date_key" : 20050823,
		"amount" : 2.99
	},
	{
		"fact_order_key" : 651,
		"rental_key" : 12999,
		"store_key" : 1,
		"film_key" : 143,
		"customer_key" : 24,
		"staff_key" : 1,
		"rental_date_key" : 20050823,
		"return_date_key" : 20050830,
		"payment_date_key" : 20050823,
		"amount" : 1.99
	},
	{
		"fact_order_key" : 652,
		"rental_key" : 13058,
		"store_key" : 2,
		"film_key" : 531,
		"customer_key" : 24,
		"staff_key" : 2,
		"rental_date_key" : 20050823,
		"return_date_key" : 20050830,
		"payment_date_key" : 20050823,
		"amount" : 4.99
	},
	{
		"fact_order_key" : 653,
		"rental_key" : 13247,
		"store_key" : 2,
		"film_key" : 281,
		"customer_key" : 24,
		"staff_key" : 1,
		"rental_date_key" : 20050823,
		"return_date_key" : 20050830,
		"payment_date_key" : 20050823,
		"amount" : 0.99
	},
	{
		"fact_order_key" : 654,
		"rental_key" : 15357,
		"store_key" : 1,
		"film_key" : 159,
		"customer_key" : 24,
		"staff_key" : 1,
		"rental_date_key" : 20050823,
		"return_date_key" : 20050830,
		"payment_date_key" : 20050823,
		"amount" : 4.99
	},
	{
		"fact_order_key" : 655,
		"rental_key" : 90,
		"store_key" : 2,
		"film_key" : 654,
		"customer_key" : 25,
		"staff_key" : 1,
		"rental_date_key" : 20050823,
		"return_date_key" : 20050830,
		"payment_date_key" : 20050823,
		"amount" : 7.99
	},
	{
		"fact_order_key" : 656,
		"rental_key" : 1033,
		"store_key" : 2,
		"film_key" : 3,
		"customer_key" : 25,
		"staff_key" : 1,
		"rental_date_key" : 20050823,
		"return_date_key" : 20050830,
		"payment_date_key" : 20050823,
		"amount" : 2.99
	},
	{
		"fact_order_key" : 657,
		"rental_key" : 1338,
		"store_key" : 2,
		"film_key" : 268,
		"customer_key" : 25,
		"staff_key" : 2,
		"rental_date_key" : 20050823,
		"return_date_key" : 20050830,
		"payment_date_key" : 20050823,
		"amount" : 4.99
	},
	{
		"fact_order_key" : 658,
		"rental_key" : 1365,
		"store_key" : 1,
		"film_key" : 835,
		"customer_key" : 25,
		"staff_key" : 2,
		"rental_date_key" : 20050823,
		"return_date_key" : 20050830,
		"payment_date_key" : 20050823,
		"amount" : 2.99
	},
	{
		"fact_order_key" : 659,
		"rental_key" : 1754,
		"store_key" : 2,
		"film_key" : 893,
		"customer_key" : 25,
		"staff_key" : 1,
		"rental_date_key" : 20050823,
		"return_date_key" : 20050830,
		"payment_date_key" : 20050823,
		"amount" : 6.99
	},
	{
		"fact_order_key" : 660,
		"rental_key" : 2625,
		"store_key" : 1,
		"film_key" : 861,
		"customer_key" : 25,
		"staff_key" : 2,
		"rental_date_key" : 20050823,
		"return_date_key" : 20050830,
		"payment_date_key" : 20050823,
		"amount" : 8.99
	},
	{
		"fact_order_key" : 661,
		"rental_key" : 2901,
		"store_key" : 2,
		"film_key" : 145,
		"customer_key" : 25,
		"staff_key" : 2,
		"rental_date_key" : 20050823,
		"return_date_key" : 20050830,
		"payment_date_key" : 20050823,
		"amount" : 4.99
	},
	{
		"fact_order_key" : 662,
		"rental_key" : 3447,
		"store_key" : 2,
		"film_key" : 253,
		"customer_key" : 25,
		"staff_key" : 2,
		"rental_date_key" : 20050823,
		"return_date_key" : 20050830,
		"payment_date_key" : 20050823,
		"amount" : 4.99
	},
	{
		"fact_order_key" : 663,
		"rental_key" : 4282,
		"store_key" : 1,
		"film_key" : 689,
		"customer_key" : 25,
		"staff_key" : 1,
		"rental_date_key" : 20050823,
		"return_date_key" : 20050830,
		"payment_date_key" : 20050823,
		"amount" : 2.99
	},
	{
		"fact_order_key" : 664,
		"rental_key" : 4319,
		"store_key" : 1,
		"film_key" : 744,
		"customer_key" : 25,
		"staff_key" : 2,
		"rental_date_key" : 20050823,
		"return_date_key" : 20050830,
		"payment_date_key" : 20050823,
		"amount" : 0.99
	},
	{
		"fact_order_key" : 665,
		"rental_key" : 4404,
		"store_key" : 1,
		"film_key" : 209,
		"customer_key" : 25,
		"staff_key" : 1,
		"rental_date_key" : 20050823,
		"return_date_key" : 20050830,
		"payment_date_key" : 20050823,
		"amount" : 2.99
	},
	{
		"fact_order_key" : 666,
		"rental_key" : 5881,
		"store_key" : 1,
		"film_key" : 53,
		"customer_key" : 25,
		"staff_key" : 1,
		"rental_date_key" : 20050823,
		"return_date_key" : 20050830,
		"payment_date_key" : 20050823,
		"amount" : 2.99
	},
	{
		"fact_order_key" : 667,
		"rental_key" : 6653,
		"store_key" : 2,
		"film_key" : 133,
		"customer_key" : 25,
		"staff_key" : 2,
		"rental_date_key" : 20050823,
		"return_date_key" : 20050830,
		"payment_date_key" : 20050823,
		"amount" : 4.99
	},
	{
		"fact_order_key" : 668,
		"rental_key" : 6905,
		"store_key" : 2,
		"film_key" : 166,
		"customer_key" : 25,
		"staff_key" : 1,
		"rental_date_key" : 20050823,
		"return_date_key" : 20050830,
		"payment_date_key" : 20050823,
		"amount" : 2.99
	},
	{
		"fact_order_key" : 669,
		"rental_key" : 8667,
		"store_key" : 2,
		"film_key" : 754,
		"customer_key" : 25,
		"staff_key" : 1,
		"rental_date_key" : 20050823,
		"return_date_key" : 20050830,
		"payment_date_key" : 20050823,
		"amount" : 2.99
	},
	{
		"fact_order_key" : 670,
		"rental_key" : 8878,
		"store_key" : 2,
		"film_key" : 97,
		"customer_key" : 25,
		"staff_key" : 2,
		"rental_date_key" : 20050823,
		"return_date_key" : 20050830,
		"payment_date_key" : 20050823,
		"amount" : 0.99
	},
	{
		"fact_order_key" : 671,
		"rental_key" : 9140,
		"store_key" : 1,
		"film_key" : 892,
		"customer_key" : 25,
		"staff_key" : 2,
		"rental_date_key" : 20050823,
		"return_date_key" : 20050830,
		"payment_date_key" : 20050823,
		"amount" : 8.99
	},
	{
		"fact_order_key" : 672,
		"rental_key" : 9334,
		"store_key" : 2,
		"film_key" : 328,
		"customer_key" : 25,
		"staff_key" : 1,
		"rental_date_key" : 20050823,
		"return_date_key" : 20050830,
		"payment_date_key" : 20050823,
		"amount" : 2.99
	},
	{
		"fact_order_key" : 673,
		"rental_key" : 9922,
		"store_key" : 2,
		"film_key" : 789,
		"customer_key" : 25,
		"staff_key" : 1,
		"rental_date_key" : 20050823,
		"return_date_key" : 20050830,
		"payment_date_key" : 20050823,
		"amount" : 2.99
	},
	{
		"fact_order_key" : 674,
		"rental_key" : 10103,
		"store_key" : 1,
		"film_key" : 16,
		"customer_key" : 25,
		"staff_key" : 2,
		"rental_date_key" : 20050823,
		"return_date_key" : 20050830,
		"payment_date_key" : 20050823,
		"amount" : 2.99
	},
	{
		"fact_order_key" : 675,
		"rental_key" : 10324,
		"store_key" : 2,
		"film_key" : 115,
		"customer_key" : 25,
		"staff_key" : 2,
		"rental_date_key" : 20050823,
		"return_date_key" : 20050830,
		"payment_date_key" : 20050823,
		"amount" : 5.99
	},
	{
		"fact_order_key" : 676,
		"rental_key" : 10860,
		"store_key" : 2,
		"film_key" : 620,
		"customer_key" : 25,
		"staff_key" : 1,
		"rental_date_key" : 20050823,
		"return_date_key" : 20050830,
		"payment_date_key" : 20050823,
		"amount" : 2.99
	},
	{
		"fact_order_key" : 677,
		"rental_key" : 10916,
		"store_key" : 2,
		"film_key" : 841,
		"customer_key" : 25,
		"staff_key" : 2,
		"rental_date_key" : 20050823,
		"return_date_key" : 20050830,
		"payment_date_key" : 20050823,
		"amount" : 2.99
	},
	{
		"fact_order_key" : 678,
		"rental_key" : 11642,
		"store_key" : 2,
		"film_key" : 830,
		"customer_key" : 25,
		"staff_key" : 2,
		"rental_date_key" : 20050823,
		"return_date_key" : 20050830,
		"payment_date_key" : 20050823,
		"amount" : 0.99
	},
	{
		"fact_order_key" : 679,
		"rental_key" : 12922,
		"store_key" : 1,
		"film_key" : 76,
		"customer_key" : 25,
		"staff_key" : 1,
		"rental_date_key" : 20050823,
		"return_date_key" : 20050830,
		"payment_date_key" : 20050823,
		"amount" : 0.99
	},
	{
		"fact_order_key" : 680,
		"rental_key" : 14193,
		"store_key" : 1,
		"film_key" : 114,
		"customer_key" : 25,
		"staff_key" : 1,
		"rental_date_key" : 20050823,
		"return_date_key" : 20050830,
		"payment_date_key" : 20050823,
		"amount" : 4.99
	},
	{
		"fact_order_key" : 681,
		"rental_key" : 14236,
		"store_key" : 2,
		"film_key" : 37,
		"customer_key" : 25,
		"staff_key" : 2,
		"rental_date_key" : 20050823,
		"return_date_key" : 20050830,
		"payment_date_key" : 20050823,
		"amount" : 4.99
	},
	{
		"fact_order_key" : 682,
		"rental_key" : 15512,
		"store_key" : 1,
		"film_key" : 945,
		"customer_key" : 25,
		"staff_key" : 2,
		"rental_date_key" : 20050823,
		"return_date_key" : 20050830,
		"payment_date_key" : 20050823,
		"amount" : 0.99
	},
	{
		"fact_order_key" : 683,
		"rental_key" : 15972,
		"store_key" : 1,
		"film_key" : 968,
		"customer_key" : 25,
		"staff_key" : 1,
		"rental_date_key" : 20050823,
		"return_date_key" : 20050830,
		"payment_date_key" : 20050823,
		"amount" : 5.99
	},
	{
		"fact_order_key" : 684,
		"rental_key" : 796,
		"store_key" : 1,
		"film_key" : 592,
		"customer_key" : 26,
		"staff_key" : 2,
		"rental_date_key" : 20050823,
		"return_date_key" : 20050830,
		"payment_date_key" : 20050823,
		"amount" : 2.99
	},
	{
		"fact_order_key" : 685,
		"rental_key" : 1105,
		"store_key" : 1,
		"film_key" : 373,
		"customer_key" : 26,
		"staff_key" : 1,
		"rental_date_key" : 20050823,
		"return_date_key" : 20050830,
		"payment_date_key" : 20050823,
		"amount" : 2.99
	},
	{
		"fact_order_key" : 686,
		"rental_key" : 1440,
		"store_key" : 2,
		"film_key" : 641,
		"customer_key" : 26,
		"staff_key" : 1,
		"rental_date_key" : 20050823,
		"return_date_key" : 20050830,
		"payment_date_key" : 20050823,
		"amount" : 5.99
	},
	{
		"fact_order_key" : 687,
		"rental_key" : 1706,
		"store_key" : 1,
		"film_key" : 645,
		"customer_key" : 26,
		"staff_key" : 1,
		"rental_date_key" : 20050823,
		"return_date_key" : 20050830,
		"payment_date_key" : 20050823,
		"amount" : 4.99
	},
	{
		"fact_order_key" : 688,
		"rental_key" : 2093,
		"store_key" : 2,
		"film_key" : 177,
		"customer_key" : 26,
		"staff_key" : 1,
		"rental_date_key" : 20050823,
		"return_date_key" : 20050830,
		"payment_date_key" : 20050823,
		"amount" : 9.99
	},
	{
		"fact_order_key" : 689,
		"rental_key" : 2416,
		"store_key" : 2,
		"film_key" : 628,
		"customer_key" : 26,
		"staff_key" : 1,
		"rental_date_key" : 20050823,
		"return_date_key" : 20050830,
		"payment_date_key" : 20050823,
		"amount" : 3.99
	},
	{
		"fact_order_key" : 690,
		"rental_key" : 2421,
		"store_key" : 2,
		"film_key" : 771,
		"customer_key" : 26,
		"staff_key" : 2,
		"rental_date_key" : 20050823,
		"return_date_key" : 20050830,
		"payment_date_key" : 20050823,
		"amount" : 6.99
	},
	{
		"fact_order_key" : 691,
		"rental_key" : 2532,
		"store_key" : 1,
		"film_key" : 408,
		"customer_key" : 26,
		"staff_key" : 1,
		"rental_date_key" : 20050823,
		"return_date_key" : 20050830,
		"payment_date_key" : 20050823,
		"amount" : 4.99
	},
	{
		"fact_order_key" : 692,
		"rental_key" : 2745,
		"store_key" : 1,
		"film_key" : 277,
		"customer_key" : 26,
		"staff_key" : 2,
		"rental_date_key" : 20050823,
		"return_date_key" : 20050830,
		"payment_date_key" : 20050823,
		"amount" : 4.99
	},
	{
		"fact_order_key" : 693,
		"rental_key" : 4065,
		"store_key" : 2,
		"film_key" : 295,
		"customer_key" : 26,
		"staff_key" : 1,
		"rental_date_key" : 20050823,
		"return_date_key" : 20050830,
		"payment_date_key" : 20050823,
		"amount" : 2.99
	},
	{
		"fact_order_key" : 694,
		"rental_key" : 4274,
		"store_key" : 2,
		"film_key" : 172,
		"customer_key" : 26,
		"staff_key" : 1,
		"rental_date_key" : 20050823,
		"return_date_key" : 20050830,
		"payment_date_key" : 20050823,
		"amount" : 4.99
	},
	{
		"fact_order_key" : 695,
		"rental_key" : 4382,
		"store_key" : 2,
		"film_key" : 142,
		"customer_key" : 26,
		"staff_key" : 1,
		"rental_date_key" : 20050823,
		"return_date_key" : 20050830,
		"payment_date_key" : 20050823,
		"amount" : 4.99
	},
	{
		"fact_order_key" : 696,
		"rental_key" : 4402,
		"store_key" : 2,
		"film_key" : 266,
		"customer_key" : 26,
		"staff_key" : 1,
		"rental_date_key" : 20050823,
		"return_date_key" : 20050830,
		"payment_date_key" : 20050823,
		"amount" : 0.99
	},
	{
		"fact_order_key" : 697,
		"rental_key" : 4431,
		"store_key" : 1,
		"film_key" : 207,
		"customer_key" : 26,
		"staff_key" : 1,
		"rental_date_key" : 20050823,
		"return_date_key" : 20050830,
		"payment_date_key" : 20050823,
		"amount" : 6.99
	},
	{
		"fact_order_key" : 698,
		"rental_key" : 4536,
		"store_key" : 2,
		"film_key" : 49,
		"customer_key" : 26,
		"staff_key" : 1,
		"rental_date_key" : 20050823,
		"return_date_key" : 20050830,
		"payment_date_key" : 20050823,
		"amount" : 3.99
	},
	{
		"fact_order_key" : 699,
		"rental_key" : 4641,
		"store_key" : 2,
		"film_key" : 531,
		"customer_key" : 26,
		"staff_key" : 2,
		"rental_date_key" : 20050823,
		"return_date_key" : 20050830,
		"payment_date_key" : 20050823,
		"amount" : 6.99
	},
	{
		"fact_order_key" : 700,
		"rental_key" : 5437,
		"store_key" : 1,
		"film_key" : 773,
		"customer_key" : 26,
		"staff_key" : 2,
		"rental_date_key" : 20050823,
		"return_date_key" : 20050830,
		"payment_date_key" : 20050823,
		"amount" : 2.99
	},
	{
		"fact_order_key" : 701,
		"rental_key" : 6149,
		"store_key" : 2,
		"film_key" : 945,
		"customer_key" : 26,
		"staff_key" : 2,
		"rental_date_key" : 20050823,
		"return_date_key" : 20050830,
		"payment_date_key" : 20050823,
		"amount" : 1.99
	},
	{
		"fact_order_key" : 702,
		"rental_key" : 6243,
		"store_key" : 2,
		"film_key" : 758,
		"customer_key" : 26,
		"staff_key" : 2,
		"rental_date_key" : 20050823,
		"return_date_key" : 20050830,
		"payment_date_key" : 20050823,
		"amount" : 2.99
	},
	{
		"fact_order_key" : 703,
		"rental_key" : 7328,
		"store_key" : 2,
		"film_key" : 143,
		"customer_key" : 26,
		"staff_key" : 1,
		"rental_date_key" : 20050823,
		"return_date_key" : 20050830,
		"payment_date_key" : 20050823,
		"amount" : 0.99
	},
	{
		"fact_order_key" : 704,
		"rental_key" : 8241,
		"store_key" : 2,
		"film_key" : 936,
		"customer_key" : 26,
		"staff_key" : 1,
		"rental_date_key" : 20050823,
		"return_date_key" : 20050830,
		"payment_date_key" : 20050823,
		"amount" : 4.99
	},
	{
		"fact_order_key" : 705,
		"rental_key" : 9484,
		"store_key" : 1,
		"film_key" : 744,
		"customer_key" : 26,
		"staff_key" : 1,
		"rental_date_key" : 20050823,
		"return_date_key" : 20050830,
		"payment_date_key" : 20050823,
		"amount" : 0.99
	},
	{
		"fact_order_key" : 706,
		"rental_key" : 10386,
		"store_key" : 2,
		"film_key" : 344,
		"customer_key" : 26,
		"staff_key" : 2,
		"rental_date_key" : 20050823,
		"return_date_key" : 20050830,
		"payment_date_key" : 20050823,
		"amount" : 3.99
	},
	{
		"fact_order_key" : 707,
		"rental_key" : 10996,
		"store_key" : 2,
		"film_key" : 483,
		"customer_key" : 26,
		"staff_key" : 1,
		"rental_date_key" : 20050823,
		"return_date_key" : 20050830,
		"payment_date_key" : 20050823,
		"amount" : 3.99
	},
	{
		"fact_order_key" : 708,
		"rental_key" : 11314,
		"store_key" : 2,
		"film_key" : 612,
		"customer_key" : 26,
		"staff_key" : 1,
		"rental_date_key" : 20050823,
		"return_date_key" : 20050830,
		"payment_date_key" : 20050823,
		"amount" : 2.99
	},
	{
		"fact_order_key" : 709,
		"rental_key" : 11338,
		"store_key" : 1,
		"film_key" : 807,
		"customer_key" : 26,
		"staff_key" : 1,
		"rental_date_key" : 20050823,
		"return_date_key" : 20050830,
		"payment_date_key" : 20050823,
		"amount" : 0.99
	},
	{
		"fact_order_key" : 710,
		"rental_key" : 11744,
		"store_key" : 2,
		"film_key" : 67,
		"customer_key" : 26,
		"staff_key" : 1,
		"rental_date_key" : 20050823,
		"return_date_key" : 20050830,
		"payment_date_key" : 20050823,
		"amount" : 5.99
	},
	{
		"fact_order_key" : 711,
		"rental_key" : 13111,
		"store_key" : 1,
		"film_key" : 127,
		"customer_key" : 26,
		"staff_key" : 2,
		"rental_date_key" : 20050823,
		"return_date_key" : 20050830,
		"payment_date_key" : 20050823,
		"amount" : 4.99
	},
	{
		"fact_order_key" : 712,
		"rental_key" : 14183,
		"store_key" : 1,
		"film_key" : 412,
		"customer_key" : 26,
		"staff_key" : 2,
		"rental_date_key" : 20050823,
		"return_date_key" : 20050830,
		"payment_date_key" : 20050823,
		"amount" : 4.99
	},
	{
		"fact_order_key" : 713,
		"rental_key" : 14192,
		"store_key" : 2,
		"film_key" : 778,
		"customer_key" : 26,
		"staff_key" : 2,
		"rental_date_key" : 20050823,
		"return_date_key" : 20050830,
		"payment_date_key" : 20050823,
		"amount" : 8.99
	},
	{
		"fact_order_key" : 714,
		"rental_key" : 14603,
		"store_key" : 1,
		"film_key" : 19,
		"customer_key" : 26,
		"staff_key" : 1,
		"rental_date_key" : 20050823,
		"return_date_key" : 20050830,
		"payment_date_key" : 20050823,
		"amount" : 1.99
	},
	{
		"fact_order_key" : 715,
		"rental_key" : 14677,
		"store_key" : 1,
		"film_key" : 964,
		"customer_key" : 26,
		"staff_key" : 1,
		"rental_date_key" : 20050823,
		"return_date_key" : 20050830,
		"payment_date_key" : 20050823,
		"amount" : 7.99
	},
	{
		"fact_order_key" : 716,
		"rental_key" : 15384,
		"store_key" : 1,
		"film_key" : 705,
		"customer_key" : 26,
		"staff_key" : 2,
		"rental_date_key" : 20050823,
		"return_date_key" : 20050830,
		"payment_date_key" : 20050823,
		"amount" : 2.99
	},
	{
		"fact_order_key" : 717,
		"rental_key" : 15722,
		"store_key" : 2,
		"film_key" : 616,
		"customer_key" : 26,
		"staff_key" : 2,
		"rental_date_key" : 20050823,
		"return_date_key" : 20050830,
		"payment_date_key" : 20050823,
		"amount" : 7.99
	},
	{
		"fact_order_key" : 718,
		"rental_key" : 787,
		"store_key" : 2,
		"film_key" : 855,
		"customer_key" : 27,
		"staff_key" : 2,
		"rental_date_key" : 20050823,
		"return_date_key" : 20050830,
		"payment_date_key" : 20050823,
		"amount" : 2.99
	},
	{
		"fact_order_key" : 719,
		"rental_key" : 1310,
		"store_key" : 2,
		"film_key" : 444,
		"customer_key" : 27,
		"staff_key" : 1,
		"rental_date_key" : 20050823,
		"return_date_key" : 20050830,
		"payment_date_key" : 20050823,
		"amount" : 4.99
	},
	{
		"fact_order_key" : 720,
		"rental_key" : 1480,
		"store_key" : 1,
		"film_key" : 571,
		"customer_key" : 27,
		"staff_key" : 1,
		"rental_date_key" : 20050823,
		"return_date_key" : 20050830,
		"payment_date_key" : 20050823,
		"amount" : 4.99
	},
	{
		"fact_order_key" : 721,
		"rental_key" : 1699,
		"store_key" : 1,
		"film_key" : 984,
		"customer_key" : 27,
		"staff_key" : 2,
		"rental_date_key" : 20050823,
		"return_date_key" : 20050830,
		"payment_date_key" : 20050823,
		"amount" : 2.99
	},
	{
		"fact_order_key" : 722,
		"rental_key" : 1960,
		"store_key" : 2,
		"film_key" : 476,
		"customer_key" : 27,
		"staff_key" : 2,
		"rental_date_key" : 20050823,
		"return_date_key" : 20050830,
		"payment_date_key" : 20050823,
		"amount" : 3.99
	},
	{
		"fact_order_key" : 723,
		"rental_key" : 2512,
		"store_key" : 1,
		"film_key" : 986,
		"customer_key" : 27,
		"staff_key" : 2,
		"rental_date_key" : 20050823,
		"return_date_key" : 20050830,
		"payment_date_key" : 20050823,
		"amount" : 2.99
	},
	{
		"fact_order_key" : 724,
		"rental_key" : 2815,
		"store_key" : 2,
		"film_key" : 668,
		"customer_key" : 27,
		"staff_key" : 2,
		"rental_date_key" : 20050823,
		"return_date_key" : 20050830,
		"payment_date_key" : 20050823,
		"amount" : 4.99
	},
	{
		"fact_order_key" : 725,
		"rental_key" : 3038,
		"store_key" : 2,
		"film_key" : 641,
		"customer_key" : 27,
		"staff_key" : 1,
		"rental_date_key" : 20050823,
		"return_date_key" : 20050830,
		"payment_date_key" : 20050823,
		"amount" : 1.99
	},
	{
		"fact_order_key" : 726,
		"rental_key" : 3420,
		"store_key" : 2,
		"film_key" : 554,
		"customer_key" : 27,
		"staff_key" : 1,
		"rental_date_key" : 20050823,
		"return_date_key" : 20050830,
		"payment_date_key" : 20050823,
		"amount" : 3.99
	},
	{
		"fact_order_key" : 727,
		"rental_key" : 4038,
		"store_key" : 2,
		"film_key" : 280,
		"customer_key" : 27,
		"staff_key" : 2,
		"rental_date_key" : 20050823,
		"return_date_key" : 20050830,
		"payment_date_key" : 20050823,
		"amount" : 0.99
	},
	{
		"fact_order_key" : 728,
		"rental_key" : 4510,
		"store_key" : 1,
		"film_key" : 242,
		"customer_key" : 27,
		"staff_key" : 2,
		"rental_date_key" : 20050823,
		"return_date_key" : 20050830,
		"payment_date_key" : 20050823,
		"amount" : 5.99
	},
	{
		"fact_order_key" : 729,
		"rental_key" : 5552,
		"store_key" : 2,
		"film_key" : 631,
		"customer_key" : 27,
		"staff_key" : 2,
		"rental_date_key" : 20050823,
		"return_date_key" : 20050830,
		"payment_date_key" : 20050823,
		"amount" : 0.99
	},
	{
		"fact_order_key" : 730,
		"rental_key" : 5736,
		"store_key" : 2,
		"film_key" : 260,
		"customer_key" : 27,
		"staff_key" : 1,
		"rental_date_key" : 20050823,
		"return_date_key" : 20050830,
		"payment_date_key" : 20050823,
		"amount" : 4.99
	},
	{
		"fact_order_key" : 731,
		"rental_key" : 6115,
		"store_key" : 2,
		"film_key" : 748,
		"customer_key" : 27,
		"staff_key" : 1,
		"rental_date_key" : 20050823,
		"return_date_key" : 20050830,
		"payment_date_key" : 20050823,
		"amount" : 0.99
	},
	{
		"fact_order_key" : 732,
		"rental_key" : 6562,
		"store_key" : 1,
		"film_key" : 865,
		"customer_key" : 27,
		"staff_key" : 2,
		"rental_date_key" : 20050823,
		"return_date_key" : 20050830,
		"payment_date_key" : 20050823,
		"amount" : 5.99
	},
	{
		"fact_order_key" : 733,
		"rental_key" : 6658,
		"store_key" : 2,
		"film_key" : 37,
		"customer_key" : 27,
		"staff_key" : 2,
		"rental_date_key" : 20050823,
		"return_date_key" : 20050830,
		"payment_date_key" : 20050823,
		"amount" : 4.99
	},
	{
		"fact_order_key" : 734,
		"rental_key" : 7927,
		"store_key" : 1,
		"film_key" : 280,
		"customer_key" : 27,
		"staff_key" : 1,
		"rental_date_key" : 20050823,
		"return_date_key" : 20050830,
		"payment_date_key" : 20050823,
		"amount" : 1.99
	},
	{
		"fact_order_key" : 735,
		"rental_key" : 9244,
		"store_key" : 1,
		"film_key" : 795,
		"customer_key" : 27,
		"staff_key" : 1,
		"rental_date_key" : 20050823,
		"return_date_key" : 20050830,
		"payment_date_key" : 20050823,
		"amount" : 0.99
	},
	{
		"fact_order_key" : 736,
		"rental_key" : 9636,
		"store_key" : 1,
		"film_key" : 376,
		"customer_key" : 27,
		"staff_key" : 2,
		"rental_date_key" : 20050823,
		"return_date_key" : 20050830,
		"payment_date_key" : 20050823,
		"amount" : 5.99
	},
	{
		"fact_order_key" : 737,
		"rental_key" : 9673,
		"store_key" : 2,
		"film_key" : 75,
		"customer_key" : 27,
		"staff_key" : 2,
		"rental_date_key" : 20050823,
		"return_date_key" : 20050830,
		"payment_date_key" : 20050823,
		"amount" : 7.99
	},
	{
		"fact_order_key" : 738,
		"rental_key" : 9908,
		"store_key" : 2,
		"film_key" : 963,
		"customer_key" : 27,
		"staff_key" : 2,
		"rental_date_key" : 20050823,
		"return_date_key" : 20050830,
		"payment_date_key" : 20050823,
		"amount" : 4.99
	},
	{
		"fact_order_key" : 739,
		"rental_key" : 10794,
		"store_key" : 1,
		"film_key" : 199,
		"customer_key" : 27,
		"staff_key" : 2,
		"rental_date_key" : 20050823,
		"return_date_key" : 20050830,
		"payment_date_key" : 20050823,
		"amount" : 7.99
	},
	{
		"fact_order_key" : 740,
		"rental_key" : 10852,
		"store_key" : 1,
		"film_key" : 845,
		"customer_key" : 27,
		"staff_key" : 1,
		"rental_date_key" : 20050823,
		"return_date_key" : 20050830,
		"payment_date_key" : 20050823,
		"amount" : 4.99
	},
	{
		"fact_order_key" : 741,
		"rental_key" : 11234,
		"store_key" : 2,
		"film_key" : 228,
		"customer_key" : 27,
		"staff_key" : 1,
		"rental_date_key" : 20050823,
		"return_date_key" : 20050830,
		"payment_date_key" : 20050823,
		"amount" : 0.99
	},
	{
		"fact_order_key" : 742,
		"rental_key" : 11661,
		"store_key" : 2,
		"film_key" : 226,
		"customer_key" : 27,
		"staff_key" : 1,
		"rental_date_key" : 20050823,
		"return_date_key" : 20050830,
		"payment_date_key" : 20050823,
		"amount" : 8.99
	},
	{
		"fact_order_key" : 743,
		"rental_key" : 11740,
		"store_key" : 2,
		"film_key" : 532,
		"customer_key" : 27,
		"staff_key" : 2,
		"rental_date_key" : 20050823,
		"return_date_key" : 20050830,
		"payment_date_key" : 20050823,
		"amount" : 6.99
	},
	{
		"fact_order_key" : 744,
		"rental_key" : 12021,
		"store_key" : 1,
		"film_key" : 867,
		"customer_key" : 27,
		"staff_key" : 1,
		"rental_date_key" : 20050823,
		"return_date_key" : 20050830,
		"payment_date_key" : 20050823,
		"amount" : 5.99
	},
	{
		"fact_order_key" : 745,
		"rental_key" : 12461,
		"store_key" : 2,
		"film_key" : 344,
		"customer_key" : 27,
		"staff_key" : 1,
		"rental_date_key" : 20050823,
		"return_date_key" : 20050830,
		"payment_date_key" : 20050823,
		"amount" : 0.99
	},
	{
		"fact_order_key" : 746,
		"rental_key" : 12531,
		"store_key" : 1,
		"film_key" : 609,
		"customer_key" : 27,
		"staff_key" : 2,
		"rental_date_key" : 20050823,
		"return_date_key" : 20050830,
		"payment_date_key" : 20050823,
		"amount" : 2.99
	},
	{
		"fact_order_key" : 747,
		"rental_key" : 13816,
		"store_key" : 1,
		"film_key" : 61,
		"customer_key" : 27,
		"staff_key" : 1,
		"rental_date_key" : 20050823,
		"return_date_key" : 20050830,
		"payment_date_key" : 20050823,
		"amount" : 4.99
	},
	{
		"fact_order_key" : 748,
		"rental_key" : 15048,
		"store_key" : 1,
		"film_key" : 636,
		"customer_key" : 27,
		"staff_key" : 1,
		"rental_date_key" : 20050823,
		"return_date_key" : 20050830,
		"payment_date_key" : 20050823,
		"amount" : 0.99
	},
	{
		"fact_order_key" : 749,
		"rental_key" : 388,
		"store_key" : 1,
		"film_key" : 96,
		"customer_key" : 28,
		"staff_key" : 1,
		"rental_date_key" : 20050823,
		"return_date_key" : 20050830,
		"payment_date_key" : 20050823,
		"amount" : 2.99
	},
	{
		"fact_order_key" : 750,
		"rental_key" : 868,
		"store_key" : 1,
		"film_key" : 788,
		"customer_key" : 28,
		"staff_key" : 1,
		"rental_date_key" : 20050823,
		"return_date_key" : 20050830,
		"payment_date_key" : 20050823,
		"amount" : 2.99
	}
]