[
	{
		"fact_order_key" : 251,
		"rental_key" : 12652,
		"store_key" : 2,
		"film_key" : 459,
		"customer_key" : 9,
		"staff_key" : 1,
		"rental_date_key" : 20050823,
		"return_date_key" : 20050830,
		"payment_date_key" : 20050823,
		"amount" : 4.99
	},
	{
		"fact_order_key" : 252,
		"rental_key" : 14489,
		"store_key" : 1,
		"film_key" : 502,
		"customer_key" : 9,
		"staff_key" : 2,
		"rental_date_key" : 20050823,
		"return_date_key" : 20050830,
		"payment_date_key" : 20050823,
		"amount" : 7.99
	},
	{
		"fact_order_key" : 253,
		"rental_key" : 15813,
		"store_key" : 1,
		"film_key" : 219,
		"customer_key" : 9,
		"staff_key" : 1,
		"rental_date_key" : 20050823,
		"return_date_key" : 20050830,
		"payment_date_key" : 20050823,
		"amount" : 4.99
	},
	{
		"fact_order_key" : 254,
		"rental_key" : 1140,
		"store_key" : 1,
		"film_key" : 816,
		"customer_key" : 10,
		"staff_key" : 2,
		"rental_date_key" : 20050823,
		"return_date_key" : 20050830,
		"payment_date_key" : 20050823,
		"amount" : 4.99
	},
	{
		"fact_order_key" : 255,
		"rental_key" : 1801,
		"store_key" : 2,
		"film_key" : 227,
		"customer_key" : 10,
		"staff_key" : 1,
		"rental_date_key" : 20050823,
		"return_date_key" : 20050830,
		"payment_date_key" : 20050823,
		"amount" : 4.99
	},
	{
		"fact_order_key" : 256,
		"rental_key" : 1995,
		"store_key" : 1,
		"film_key" : 407,
		"customer_key" : 10,
		"staff_key" : 1,
		"rental_date_key" : 20050823,
		"return_date_key" : 20050830,
		"payment_date_key" : 20050823,
		"amount" : 4.99
	},
	{
		"fact_order_key" : 257,
		"rental_key" : 2222,
		"store_key" : 1,
		"film_key" : 840,
		"customer_key" : 10,
		"staff_key" : 2,
		"rental_date_key" : 20050823,
		"return_date_key" : 20050830,
		"payment_date_key" : 20050823,
		"amount" : 3.99
	},
	{
		"fact_order_key" : 258,
		"rental_key" : 2814,
		"store_key" : 2,
		"film_key" : 387,
		"customer_key" : 10,
		"staff_key" : 2,
		"rental_date_key" : 20050823,
		"return_date_key" : 20050830,
		"payment_date_key" : 20050823,
		"amount" : 0.99
	},
	{
		"fact_order_key" : 259,
		"rental_key" : 2865,
		"store_key" : 2,
		"film_key" : 344,
		"customer_key" : 10,
		"staff_key" : 1,
		"rental_date_key" : 20050823,
		"return_date_key" : 20050830,
		"payment_date_key" : 20050823,
		"amount" : 0.99
	},
	{
		"fact_order_key" : 260,
		"rental_key" : 3790,
		"store_key" : 2,
		"film_key" : 373,
		"customer_key" : 10,
		"staff_key" : 1,
		"rental_date_key" : 20050823,
		"return_date_key" : 20050830,
		"payment_date_key" : 20050823,
		"amount" : 3.99
	},
	{
		"fact_order_key" : 261,
		"rental_key" : 4042,
		"store_key" : 2,
		"film_key" : 10,
		"customer_key" : 10,
		"staff_key" : 1,
		"rental_date_key" : 20050823,
		"return_date_key" : 20050830,
		"payment_date_key" : 20050823,
		"amount" : 4.99
	},
	{
		"fact_order_key" : 262,
		"rental_key" : 4255,
		"store_key" : 1,
		"film_key" : 164,
		"customer_key" : 10,
		"staff_key" : 1,
		"rental_date_key" : 20050823,
		"return_date_key" : 20050830,
		"payment_date_key" : 20050823,
		"amount" : 1.99
	},
	{
		"fact_order_key" : 263,
		"rental_key" : 5038,
		"store_key" : 1,
		"film_key" : 678,
		"customer_key" : 10,
		"staff_key" : 2,
		"rental_date_key" : 20050823,
		"return_date_key" : 20050830,
		"payment_date_key" : 20050823,
		"amount" : 7.99
	},
	{
		"fact_order_key" : 264,
		"rental_key" : 5068,
		"store_key" : 1,
		"film_key" : 645,
		"customer_key" : 10,
		"staff_key" : 1,
		"rental_date_key" : 20050823,
		"return_date_key" : 20050830,
		"payment_date_key" : 20050823,
		"amount" : 2.99
	},
	{
		"fact_order_key" : 265,
		"rental_key" : 5444,
		"store_key" : 2,
		"film_key" : 650,
		"customer_key" : 10,
		"staff_key" : 2,
		"rental_date_key" : 20050823,
		"return_date_key" : 20050830,
		"payment_date_key" : 20050823,
		"amount" : 0.99
	},
	{
		"fact_order_key" : 266,
		"rental_key" : 5905,
		"store_key" : 1,
		"film_key" : 850,
		"customer_key" : 10,
		"staff_key" : 1,
		"rental_date_key" : 20050823,
		"return_date_key" : 20050830,
		"payment_date_key" : 20050823,
		"amount" : 2.99
	},
	{
		"fact_order_key" : 267,
		"rental_key" : 7738,
		"store_key" : 2,
		"film_key" : 16,
		"customer_key" : 10,
		"staff_key" : 2,
		"rental_date_key" : 20050823,
		"return_date_key" : 20050830,
		"payment_date_key" : 20050823,
		"amount" : 2.99
	},
	{
		"fact_order_key" : 268,
		"rental_key" : 8001,
		"store_key" : 1,
		"film_key" : 563,
		"customer_key" : 10,
		"staff_key" : 1,
		"rental_date_key" : 20050823,
		"return_date_key" : 20050830,
		"payment_date_key" : 20050823,
		"amount" : 6.99
	},
	{
		"fact_order_key" : 269,
		"rental_key" : 8188,
		"store_key" : 1,
		"film_key" : 838,
		"customer_key" : 10,
		"staff_key" : 2,
		"rental_date_key" : 20050823,
		"return_date_key" : 20050830,
		"payment_date_key" : 20050823,
		"amount" : 4.99
	},
	{
		"fact_order_key" : 270,
		"rental_key" : 9935,
		"store_key" : 1,
		"film_key" : 486,
		"customer_key" : 10,
		"staff_key" : 1,
		"rental_date_key" : 20050823,
		"return_date_key" : 20050830,
		"payment_date_key" : 20050823,
		"amount" : 4.99
	},
	{
		"fact_order_key" : 271,
		"rental_key" : 10671,
		"store_key" : 1,
		"film_key" : 969,
		"customer_key" : 10,
		"staff_key" : 1,
		"rental_date_key" : 20050823,
		"return_date_key" : 20050830,
		"payment_date_key" : 20050823,
		"amount" : 8.99
	},
	{
		"fact_order_key" : 272,
		"rental_key" : 11289,
		"store_key" : 2,
		"film_key" : 629,
		"customer_key" : 10,
		"staff_key" : 1,
		"rental_date_key" : 20050823,
		"return_date_key" : 20050830,
		"payment_date_key" : 20050823,
		"amount" : 2.99
	},
	{
		"fact_order_key" : 273,
		"rental_key" : 11405,
		"store_key" : 2,
		"film_key" : 91,
		"customer_key" : 10,
		"staff_key" : 2,
		"rental_date_key" : 20050823,
		"return_date_key" : 20050830,
		"payment_date_key" : 20050823,
		"amount" : 0.99
	},
	{
		"fact_order_key" : 274,
		"rental_key" : 12031,
		"store_key" : 1,
		"film_key" : 613,
		"customer_key" : 10,
		"staff_key" : 2,
		"rental_date_key" : 20050823,
		"return_date_key" : 20050830,
		"payment_date_key" : 20050823,
		"amount" : 2.99
	},
	{
		"fact_order_key" : 275,
		"rental_key" : 12400,
		"store_key" : 1,
		"film_key" : 383,
		"customer_key" : 10,
		"staff_key" : 1,
		"rental_date_key" : 20050823,
		"return_date_key" : 20050830,
		"payment_date_key" : 20050823,
		"amount" : 2.99
	},
	{
		"fact_order_key" : 276,
		"rental_key" : 13316,
		"store_key" : 2,
		"film_key" : 972,
		"customer_key" : 10,
		"staff_key" : 1,
		"rental_date_key" : 20050823,
		"return_date_key" : 20050830,
		"payment_date_key" : 20050823,
		"amount" : 4.99
	},
	{
		"fact_order_key" : 277,
		"rental_key" : 13917,
		"store_key" : 2,
		"film_key" : 942,
		"customer_key" : 10,
		"staff_key" : 2,
		"rental_date_key" : 20050823,
		"return_date_key" : 20050830,
		"payment_date_key" : 20050823,
		"amount" : 2.99
	},
	{
		"fact_order_key" : 278,
		"rental_key" : 15370,
		"store_key" : 2,
		"film_key" : 13,
		"customer_key" : 10,
		"staff_key" : 1,
		"rental_date_key" : 20050823,
		"return_date_key" : 20050830,
		"payment_date_key" : 20050823,
		"amount" : 5.99
	},
	{
		"fact_order_key" : 279,
		"rental_key" : 987,
		"store_key" : 1,
		"film_key" : 86,
		"customer_key" : 11,
		"staff_key" : 1,
		"rental_date_key" : 20050823,
		"return_date_key" : 20050830,
		"payment_date_key" : 20050823,
		"amount" : 6.99
	},
	{
		"fact_order_key" : 280,
		"rental_key" : 1470,
		"store_key" : 2,
		"film_key" : 880,
		"customer_key" : 11,
		"staff_key" : 1,
		"rental_date_key" : 20050823,
		"return_date_key" : 20050830,
		"payment_date_key" : 20050823,
		"amount" : 6.99
	},
	{
		"fact_order_key" : 281,
		"rental_key" : 1939,
		"store_key" : 2,
		"film_key" : 131,
		"customer_key" : 11,
		"staff_key" : 2,
		"rental_date_key" : 20050823,
		"return_date_key" : 20050830,
		"payment_date_key" : 20050823,
		"amount" : 7.99
	},
	{
		"fact_order_key" : 282,
		"rental_key" : 3192,
		"store_key" : 2,
		"film_key" : 812,
		"customer_key" : 11,
		"staff_key" : 1,
		"rental_date_key" : 20050823,
		"return_date_key" : 20050830,
		"payment_date_key" : 20050823,
		"amount" : 0.99
	},
	{
		"fact_order_key" : 283,
		"rental_key" : 4608,
		"store_key" : 1,
		"film_key" : 166,
		"customer_key" : 11,
		"staff_key" : 1,
		"rental_date_key" : 20050823,
		"return_date_key" : 20050830,
		"payment_date_key" : 20050823,
		"amount" : 2.99
	},
	{
		"fact_order_key" : 284,
		"rental_key" : 4943,
		"store_key" : 2,
		"film_key" : 599,
		"customer_key" : 11,
		"staff_key" : 2,
		"rental_date_key" : 20050823,
		"return_date_key" : 20050830,
		"payment_date_key" : 20050823,
		"amount" : 4.99
	},
	{
		"fact_order_key" : 285,
		"rental_key" : 5835,
		"store_key" : 2,
		"film_key" : 174,
		"customer_key" : 11,
		"staff_key" : 2,
		"rental_date_key" : 20050823,
		"return_date_key" : 20050830,
		"payment_date_key" : 20050823,
		"amount" : 5.99
	},
	{
		"fact_order_key" : 286,
		"rental_key" : 6146,
		"store_key" : 2,
		"film_key" : 740,
		"customer_key" : 11,
		"staff_key" : 2,
		"rental_date_key" : 20050823,
		"return_date_key" : 20050830,
		"payment_date_key" : 20050823,
		"amount" : 6.99
	},
	{
		"fact_order_key" : 287,
		"rental_key" : 7314,
		"store_key" : 2,
		"film_key" : 302,
		"customer_key" : 11,
		"staff_key" : 2,
		"rental_date_key" : 20050823,
		"return_date_key" : 20050830,
		"payment_date_key" : 20050823,
		"amount" : 4.99
	},
	{
		"fact_order_key" : 288,
		"rental_key" : 8014,
		"store_key" : 2,
		"film_key" : 508,
		"customer_key" : 11,
		"staff_key" : 1,
		"rental_date_key" : 20050823,
		"return_date_key" : 20050830,
		"payment_date_key" : 20050823,
		"amount" : 4.99
	},
	{
		"fact_order_key" : 289,
		"rental_key" : 8100,
		"store_key" : 2,
		"film_key" : 626,
		"customer_key" : 11,
		"staff_key" : 2,
		"rental_date_key" : 20050823,
		"return_date_key" : 20050830,
		"payment_date_key" : 20050823,
		"amount" : 2.99
	},
	{
		"fact_order_key" : 290,
		"rental_key" : 8447,
		"store_key" : 2,
		"film_key" : 206,
		"customer_key" : 11,
		"staff_key" : 2,
		"rental_date_key" : 20050823,
		"return_date_key" : 20050830,
		"payment_date_key" : 20050823,
		"amount" : 1.99
	},
	{
		"fact_order_key" : 291,
		"rental_key" : 8715,
		"store_key" : 2,
		"film_key" : 189,
		"customer_key" : 11,
		"staff_key" : 1,
		"rental_date_key" : 20050823,
		"return_date_key" : 20050830,
		"payment_date_key" : 20050823,
		"amount" : 0.99
	},
	{
		"fact_order_key" : 292,
		"rental_key" : 8950,
		"store_key" : 1,
		"film_key" : 662,
		"customer_key" : 11,
		"staff_key" : 1,
		"rental_date_key" : 20050823,
		"return_date_key" : 20050830,
		"payment_date_key" : 20050823,
		"amount" : 9.99
	},
	{
		"fact_order_key" : 293,
		"rental_key" : 9292,
		"store_key" : 2,
		"film_key" : 370,
		"customer_key" : 11,
		"staff_key" : 2,
		"rental_date_key" : 20050823,
		"return_date_key" : 20050830,
		"payment_date_key" : 20050823,
		"amount" : 6.99
	},
	{
		"fact_order_key" : 294,
		"rental_key" : 10812,
		"store_key" : 2,
		"film_key" : 823,
		"customer_key" : 11,
		"staff_key" : 1,
		"rental_date_key" : 20050823,
		"return_date_key" : 20050830,
		"payment_date_key" : 20050823,
		"amount" : 4.99
	},
	{
		"fact_order_key" : 295,
		"rental_key" : 11166,
		"store_key" : 1,
		"film_key" : 139,
		"customer_key" : 11,
		"staff_key" : 1,
		"rental_date_key" : 20050823,
		"return_date_key" : 20050830,
		"payment_date_key" : 20050823,
		"amount" : 6.99
	},
	{
		"fact_order_key" : 296,
		"rental_key" : 11502,
		"store_key" : 2,
		"film_key" : 976,
		"customer_key" : 11,
		"staff_key" : 1,
		"rental_date_key" : 20050823,
		"return_date_key" : 20050830,
		"payment_date_key" : 20050823,
		"amount" : 0.99
	},
	{
		"fact_order_key" : 297,
		"rental_key" : 12015,
		"store_key" : 2,
		"film_key" : 129,
		"customer_key" : 11,
		"staff_key" : 2,
		"rental_date_key" : 20050823,
		"return_date_key" : 20050830,
		"payment_date_key" : 20050823,
		"amount" : 5.99
	},
	{
		"fact_order_key" : 298,
		"rental_key" : 13572,
		"store_key" : 1,
		"film_key" : 143,
		"customer_key" : 11,
		"staff_key" : 1,
		"rental_date_key" : 20050823,
		"return_date_key" : 20050830,
		"payment_date_key" : 20050823,
		"amount" : 0.99
	},
	{
		"fact_order_key" : 299,
		"rental_key" : 13790,
		"store_key" : 1,
		"film_key" : 304,
		"customer_key" : 11,
		"staff_key" : 1,
		"rental_date_key" : 20050823,
		"return_date_key" : 20050830,
		"payment_date_key" : 20050823,
		"amount" : 4.99
	},
	{
		"fact_order_key" : 300,
		"rental_key" : 15120,
		"store_key" : 2,
		"film_key" : 677,
		"customer_key" : 11,
		"staff_key" : 1,
		"rental_date_key" : 20050823,
		"return_date_key" : 20050830,
		"payment_date_key" : 20050823,
		"amount" : 0.99
	},
	{
		"fact_order_key" : 301,
		"rental_key" : 15240,
		"store_key" : 2,
		"film_key" : 438,
		"customer_key" : 11,
		"staff_key" : 2,
		"rental_date_key" : 20050823,
		"return_date_key" : 20050830,
		"payment_date_key" : 20050823,
		"amount" : 2.99
	},
	{
		"fact_order_key" : 302,
		"rental_key" : 11646,
		"store_key" : 2,
		"film_key" : 105,
		"customer_key" : 11,
		"staff_key" : 2,
		"rental_date_key" : 20050823,
		"return_date_key" : 20050830,
		"payment_date_key" : 20050823,
		"amount" : 0.99
	},
	{
		"fact_order_key" : 303,
		"rental_key" : 988,
		"store_key" : 1,
		"film_key" : 301,
		"customer_key" : 12,
		"staff_key" : 1,
		"rental_date_key" : 20050823,
		"return_date_key" : 20050830,
		"payment_date_key" : 20050823,
		"amount" : 4.99
	},
	{
		"fact_order_key" : 304,
		"rental_key" : 1084,
		"store_key" : 1,
		"film_key" : 1000,
		"customer_key" : 12,
		"staff_key" : 1,
		"rental_date_key" : 20050823,
		"return_date_key" : 20050830,
		"payment_date_key" : 20050823,
		"amount" : 4.99
	},
	{
		"fact_order_key" : 305,
		"rental_key" : 1752,
		"store_key" : 2,
		"film_key" : 772,
		"customer_key" : 12,
		"staff_key" : 2,
		"rental_date_key" : 20050823,
		"return_date_key" : 20050830,
		"payment_date_key" : 20050823,
		"amount" : 5.99
	},
	{
		"fact_order_key" : 306,
		"rental_key" : 2434,
		"store_key" : 1,
		"film_key" : 818,
		"customer_key" : 12,
		"staff_key" : 2,
		"rental_date_key" : 20050823,
		"return_date_key" : 20050830,
		"payment_date_key" : 20050823,
		"amount" : 5.99
	},
	{
		"fact_order_key" : 307,
		"rental_key" : 2500,
		"store_key" : 1,
		"film_key" : 922,
		"customer_key" : 12,
		"staff_key" : 1,
		"rental_date_key" : 20050823,
		"return_date_key" : 20050830,
		"payment_date_key" : 20050823,
		"amount" : 5.99
	},
	{
		"fact_order_key" : 308,
		"rental_key" : 2623,
		"store_key" : 1,
		"film_key" : 978,
		"customer_key" : 12,
		"staff_key" : 2,
		"rental_date_key" : 20050823,
		"return_date_key" : 20050830,
		"payment_date_key" : 20050823,
		"amount" : 4.99
	},
	{
		"fact_order_key" : 309,
		"rental_key" : 3135,
		"store_key" : 1,
		"film_key" : 249,
		"customer_key" : 12,
		"staff_key" : 1,
		"rental_date_key" : 20050823,
		"return_date_key" : 20050830,
		"payment_date_key" : 20050823,
		"amount" : 2.99
	},
	{
		"fact_order_key" : 310,
		"rental_key" : 3411,
		"store_key" : 1,
		"film_key" : 924,
		"customer_key" : 12,
		"staff_key" : 2,
		"rental_date_key" : 20050823,
		"return_date_key" : 20050830,
		"payment_date_key" : 20050823,
		"amount" : 0.99
	},
	{
		"fact_order_key" : 311,
		"rental_key" : 3870,
		"store_key" : 2,
		"film_key" : 737,
		"customer_key" : 12,
		"staff_key" : 1,
		"rental_date_key" : 20050823,
		"return_date_key" : 20050830,
		"payment_date_key" : 20050823,
		"amount" : 3.99
	},
	{
		"fact_order_key" : 312,
		"rental_key" : 5071,
		"store_key" : 2,
		"film_key" : 949,
		"customer_key" : 12,
		"staff_key" : 1,
		"rental_date_key" : 20050823,
		"return_date_key" : 20050830,
		"payment_date_key" : 20050823,
		"amount" : 0.99
	},
	{
		"fact_order_key" : 313,
		"rental_key" : 5074,
		"store_key" : 1,
		"film_key" : 303,
		"customer_key" : 12,
		"staff_key" : 1,
		"rental_date_key" : 20050823,
		"return_date_key" : 20050830,
		"payment_date_key" : 20050823,
		"amount" : 0.99
	},
	{
		"fact_order_key" : 314,
		"rental_key" : 5111,
		"store_key" : 2,
		"film_key" : 630,
		"customer_key" : 12,
		"staff_key" : 2,
		"rental_date_key" : 20050823,
		"return_date_key" : 20050830,
		"payment_date_key" : 20050823,
		"amount" : 0.99
	},
	{
		"fact_order_key" : 315,
		"rental_key" : 5242,
		"store_key" : 1,
		"film_key" : 186,
		"customer_key" : 12,
		"staff_key" : 1,
		"rental_date_key" : 20050823,
		"return_date_key" : 20050830,
		"payment_date_key" : 20050823,
		"amount" : 3.99
	},
	{
		"fact_order_key" : 316,
		"rental_key" : 6773,
		"store_key" : 2,
		"film_key" : 735,
		"customer_key" : 12,
		"staff_key" : 2,
		"rental_date_key" : 20050823,
		"return_date_key" : 20050830,
		"payment_date_key" : 20050823,
		"amount" : 2.99
	},
	{
		"fact_order_key" : 317,
		"rental_key" : 7008,
		"store_key" : 1,
		"film_key" : 799,
		"customer_key" : 12,
		"staff_key" : 2,
		"rental_date_key" : 20050823,
		"return_date_key" : 20050830,
		"payment_date_key" : 20050823,
		"amount" : 0.99
	},
	{
		"fact_order_key" : 318,
		"rental_key" : 7279,
		"store_key" : 2,
		"film_key" : 311,
		"customer_key" : 12,
		"staff_key" : 2,
		"rental_date_key" : 20050823,
		"return_date_key" : 20050830,
		"payment_date_key" : 20050823,
		"amount" : 0.99
	},
	{
		"fact_order_key" : 319,
		"rental_key" : 8985,
		"store_key" : 2,
		"film_key" : 697,
		"customer_key" : 12,
		"staff_key" : 2,
		"rental_date_key" : 20050823,
		"return_date_key" : 20050830,
		"payment_date_key" : 20050823,
		"amount" : 0.99
	},
	{
		"fact_order_key" : 320,
		"rental_key" : 9166,
		"store_key" : 2,
		"film_key" : 69,
		"customer_key" : 12,
		"staff_key" : 1,
		"rental_date_key" : 20050823,
		"return_date_key" : 20050830,
		"payment_date_key" : 20050823,
		"amount" : 4.99
	},
	{
		"fact_order_key" : 321,
		"rental_key" : 9238,
		"store_key" : 2,
		"film_key" : 737,
		"customer_key" : 12,
		"staff_key" : 2,
		"rental_date_key" : 20050823,
		"return_date_key" : 20050830,
		"payment_date_key" : 20050823,
		"amount" : 5.99
	},
	{
		"fact_order_key" : 322,
		"rental_key" : 9627,
		"store_key" : 2,
		"film_key" : 103,
		"customer_key" : 12,
		"staff_key" : 2,
		"rental_date_key" : 20050823,
		"return_date_key" : 20050830,
		"payment_date_key" : 20050823,
		"amount" : 5.99
	},
	{
		"fact_order_key" : 323,
		"rental_key" : 9708,
		"store_key" : 1,
		"film_key" : 719,
		"customer_key" : 12,
		"staff_key" : 1,
		"rental_date_key" : 20050823,
		"return_date_key" : 20050830,
		"payment_date_key" : 20050823,
		"amount" : 5.99
	},
	{
		"fact_order_key" : 324,
		"rental_key" : 10392,
		"store_key" : 2,
		"film_key" : 662,
		"customer_key" : 12,
		"staff_key" : 1,
		"rental_date_key" : 20050823,
		"return_date_key" : 20050830,
		"payment_date_key" : 20050823,
		"amount" : 10.99
	},
	{
		"fact_order_key" : 325,
		"rental_key" : 11497,
		"store_key" : 1,
		"film_key" : 97,
		"customer_key" : 12,
		"staff_key" : 1,
		"rental_date_key" : 20050823,
		"return_date_key" : 20050830,
		"payment_date_key" : 20050823,
		"amount" : 0.99
	},
	{
		"fact_order_key" : 326,
		"rental_key" : 12604,
		"store_key" : 1,
		"film_key" : 897,
		"customer_key" : 12,
		"staff_key" : 1,
		"rental_date_key" : 20050823,
		"return_date_key" : 20050830,
		"payment_date_key" : 20050823,
		"amount" : 4.99
	},
	{
		"fact_order_key" : 327,
		"rental_key" : 13519,
		"store_key" : 2,
		"film_key" : 40,
		"customer_key" : 12,
		"staff_key" : 2,
		"rental_date_key" : 20050823,
		"return_date_key" : 20050830,
		"payment_date_key" : 20050823,
		"amount" : 0.99
	},
	{
		"fact_order_key" : 328,
		"rental_key" : 13895,
		"store_key" : 2,
		"film_key" : 672,
		"customer_key" : 12,
		"staff_key" : 2,
		"rental_date_key" : 20050823,
		"return_date_key" : 20050830,
		"payment_date_key" : 20050823,
		"amount" : 2.99
	},
	{
		"fact_order_key" : 329,
		"rental_key" : 14240,
		"store_key" : 1,
		"film_key" : 725,
		"customer_key" : 12,
		"staff_key" : 2,
		"rental_date_key" : 20050823,
		"return_date_key" : 20050830,
		"payment_date_key" : 20050823,
		"amount" : 4.99
	},
	{
		"fact_order_key" : 330,
		"rental_key" : 15993,
		"store_key" : 2,
		"film_key" : 357,
		"customer_key" : 12,
		"staff_key" : 2,
		"rental_date_key" : 20050823,
		"return_date_key" : 20050830,
		"payment_date_key" : 20050823,
		"amount" : 0.99
	},
	{
		"fact_order_key" : 331,
		"rental_key" : 1933,
		"store_key" : 2,
		"film_key" : 218,
		"customer_key" : 13,
		"staff_key" : 1,
		"rental_date_key" : 20050823,
		"return_date_key" : 20050830,
		"payment_date_key" : 20050823,
		"amount" : 2.99
	},
	{
		"fact_order_key" : 332,
		"rental_key" : 2209,
		"store_key" : 2,
		"film_key" : 532,
		"customer_key" : 13,
		"staff_key" : 2,
		"rental_date_key" : 20050823,
		"return_date_key" : 20050830,
		"payment_date_key" : 20050823,
		"amount" : 4.99
	},
	{
		"fact_order_key" : 333,
		"rental_key" : 2952,
		"store_key" : 1,
		"film_key" : 823,
		"customer_key" : 13,
		"staff_key" : 1,
		"rental_date_key" : 20050823,
		"return_date_key" : 20050830,
		"payment_date_key" : 20050823,
		"amount" : 2.99
	},
	{
		"fact_order_key" : 334,
		"rental_key" : 3047,
		"store_key" : 2,
		"film_key" : 135,
		"customer_key" : 13,
		"staff_key" : 2,
		"rental_date_key" : 20050823,
		"return_date_key" : 20050830,
		"payment_date_key" : 20050823,
		"amount" : 8.99
	},
	{
		"fact_order_key" : 335,
		"rental_key" : 3946,
		"store_key" : 1,
		"film_key" : 67,
		"customer_key" : 13,
		"staff_key" : 1,
		"rental_date_key" : 20050823,
		"return_date_key" : 20050830,
		"payment_date_key" : 20050823,
		"amount" : 2.99
	},
	{
		"fact_order_key" : 336,
		"rental_key" : 6118,
		"store_key" : 1,
		"film_key" : 661,
		"customer_key" : 13,
		"staff_key" : 1,
		"rental_date_key" : 20050823,
		"return_date_key" : 20050830,
		"payment_date_key" : 20050823,
		"amount" : 8.99
	},
	{
		"fact_order_key" : 337,
		"rental_key" : 6568,
		"store_key" : 2,
		"film_key" : 914,
		"customer_key" : 13,
		"staff_key" : 2,
		"rental_date_key" : 20050823,
		"return_date_key" : 20050830,
		"payment_date_key" : 20050823,
		"amount" : 2.99
	},
	{
		"fact_order_key" : 338,
		"rental_key" : 6870,
		"store_key" : 2,
		"film_key" : 681,
		"customer_key" : 13,
		"staff_key" : 2,
		"rental_date_key" : 20050823,
		"return_date_key" : 20050830,
		"payment_date_key" : 20050823,
		"amount" : 0.99
	},
	{
		"fact_order_key" : 339,
		"rental_key" : 6897,
		"store_key" : 1,
		"film_key" : 37,
		"customer_key" : 13,
		"staff_key" : 1,
		"rental_date_key" : 20050823,
		"return_date_key" : 20050830,
		"payment_date_key" : 20050823,
		"amount" : 2.99
	},
	{
		"fact_order_key" : 340,
		"rental_key" : 7916,
		"store_key" : 2,
		"film_key" : 847,
		"customer_key" : 13,
		"staff_key" : 1,
		"rental_date_key" : 20050823,
		"return_date_key" : 20050830,
		"payment_date_key" : 20050823,
		"amount" : 2.99
	},
	{
		"fact_order_key" : 341,
		"rental_key" : 8277,
		"store_key" : 1,
		"film_key" : 286,
		"customer_key" : 13,
		"staff_key" : 2,
		"rental_date_key" : 20050823,
		"return_date_key" : 20050830,
		"payment_date_key" : 20050823,
		"amount" : 2.99
	},
	{
		"fact_order_key" : 342,
		"rental_key" : 8831,
		"store_key" : 1,
		"film_key" : 771,
		"customer_key" : 13,
		"staff_key" : 1,
		"rental_date_key" : 20050823,
		"return_date_key" : 20050830,
		"payment_date_key" : 20050823,
		"amount" : 11.99
	},
	{
		"fact_order_key" : 343,
		"rental_key" : 9260,
		"store_key" : 1,
		"film_key" : 865,
		"customer_key" : 13,
		"staff_key" : 2,
		"rental_date_key" : 20050823,
		"return_date_key" : 20050830,
		"payment_date_key" : 20050823,
		"amount" : 9.99
	},
	{
		"fact_order_key" : 344,
		"rental_key" : 9434,
		"store_key" : 2,
		"film_key" : 830,
		"customer_key" : 13,
		"staff_key" : 2,
		"rental_date_key" : 20050823,
		"return_date_key" : 20050830,
		"payment_date_key" : 20050823,
		"amount" : 0.99
	},
	{
		"fact_order_key" : 345,
		"rental_key" : 9664,
		"store_key" : 1,
		"film_key" : 79,
		"customer_key" : 13,
		"staff_key" : 2,
		"rental_date_key" : 20050823,
		"return_date_key" : 20050830,
		"payment_date_key" : 20050823,
		"amount" : 0.99
	},
	{
		"fact_order_key" : 346,
		"rental_key" : 9736,
		"store_key" : 2,
		"film_key" : 449,
		"customer_key" : 13,
		"staff_key" : 2,
		"rental_date_key" : 20050823,
		"return_date_key" : 20050830,
		"payment_date_key" : 20050823,
		"amount" : 7.99
	},
	{
		"fact_order_key" : 347,
		"rental_key" : 10003,
		"store_key" : 2,
		"film_key" : 350,
		"customer_key" : 13,
		"staff_key" : 1,
		"rental_date_key" : 20050823,
		"return_date_key" : 20050830,
		"payment_date_key" : 20050823,
		"amount" : 4.99
	},
	{
		"fact_order_key" : 348,
		"rental_key" : 11292,
		"store_key" : 2,
		"film_key" : 47,
		"customer_key" : 13,
		"staff_key" : 2,
		"rental_date_key" : 20050823,
		"return_date_key" : 20050830,
		"payment_date_key" : 20050823,
		"amount" : 4.99
	},
	{
		"fact_order_key" : 349,
		"rental_key" : 11315,
		"store_key" : 2,
		"film_key" : 247,
		"customer_key" : 13,
		"staff_key" : 1,
		"rental_date_key" : 20050823,
		"return_date_key" : 20050830,
		"payment_date_key" : 20050823,
		"amount" : 0.99
	},
	{
		"fact_order_key" : 350,
		"rental_key" : 11761,
		"store_key" : 1,
		"film_key" : 482,
		"customer_key" : 13,
		"staff_key" : 1,
		"rental_date_key" : 20050823,
		"return_date_key" : 20050830,
		"payment_date_key" : 20050823,
		"amount" : 5.99
	},
	{
		"fact_order_key" : 351,
		"rental_key" : 12918,
		"store_key" : 2,
		"film_key" : 216,
		"customer_key" : 13,
		"staff_key" : 1,
		"rental_date_key" : 20050823,
		"return_date_key" : 20050830,
		"payment_date_key" : 20050823,
		"amount" : 7.99
	},
	{
		"fact_order_key" : 352,
		"rental_key" : 13096,
		"store_key" : 1,
		"film_key" : 92,
		"customer_key" : 13,
		"staff_key" : 1,
		"rental_date_key" : 20050823,
		"return_date_key" : 20050830,
		"payment_date_key" : 20050823,
		"amount" : 4.99
	},
	{
		"fact_order_key" : 353,
		"rental_key" : 13213,
		"store_key" : 2,
		"film_key" : 339,
		"customer_key" : 13,
		"staff_key" : 1,
		"rental_date_key" : 20050823,
		"return_date_key" : 20050830,
		"payment_date_key" : 20050823,
		"amount" : 0.99
	},
	{
		"fact_order_key" : 354,
		"rental_key" : 13456,
		"store_key" : 2,
		"film_key" : 358,
		"customer_key" : 13,
		"staff_key" : 1,
		"rental_date_key" : 20050823,
		"return_date_key" : 20050830,
		"payment_date_key" : 20050823,
		"amount" : 0.99
	},
	{
		"fact_order_key" : 355,
		"rental_key" : 14252,
		"store_key" : 2,
		"film_key" : 583,
		"customer_key" : 13,
		"staff_key" : 1,
		"rental_date_key" : 20050823,
		"return_date_key" : 20050830,
		"payment_date_key" : 20050823,
		"amount" : 9.99
	},
	{
		"fact_order_key" : 356,
		"rental_key" : 14545,
		"store_key" : 2,
		"film_key" : 537,
		"customer_key" : 13,
		"staff_key" : 2,
		"rental_date_key" : 20050823,
		"return_date_key" : 20050830,
		"payment_date_key" : 20050823,
		"amount" : 7.99
	},
	{
		"fact_order_key" : 357,
		"rental_key" : 15338,
		"store_key" : 1,
		"film_key" : 112,
		"customer_key" : 13,
		"staff_key" : 2,
		"rental_date_key" : 20050823,
		"return_date_key" : 20050830,
		"payment_date_key" : 20050823,
		"amount" : 4.99
	},
	{
		"fact_order_key" : 358,
		"rental_key" : 151,
		"store_key" : 1,
		"film_key" : 646,
		"customer_key" : 14,
		"staff_key" : 1,
		"rental_date_key" : 20050823,
		"return_date_key" : 20050830,
		"payment_date_key" : 20050823,
		"amount" : 0.99
	},
	{
		"fact_order_key" : 359,
		"rental_key" : 346,
		"store_key" : 1,
		"film_key" : 941,
		"customer_key" : 14,
		"staff_key" : 2,
		"rental_date_key" : 20050823,
		"return_date_key" : 20050830,
		"payment_date_key" : 20050823,
		"amount" : 9.99
	},
	{
		"fact_order_key" : 360,
		"rental_key" : 525,
		"store_key" : 1,
		"film_key" : 395,
		"customer_key" : 14,
		"staff_key" : 1,
		"rental_date_key" : 20050823,
		"return_date_key" : 20050830,
		"payment_date_key" : 20050823,
		"amount" : 5.99
	},
	{
		"fact_order_key" : 361,
		"rental_key" : 671,
		"store_key" : 1,
		"film_key" : 230,
		"customer_key" : 14,
		"staff_key" : 2,
		"rental_date_key" : 20050823,
		"return_date_key" : 20050830,
		"payment_date_key" : 20050823,
		"amount" : 2.99
	},
	{
		"fact_order_key" : 362,
		"rental_key" : 815,
		"store_key" : 2,
		"film_key" : 822,
		"customer_key" : 14,
		"staff_key" : 1,
		"rental_date_key" : 20050823,
		"return_date_key" : 20050830,
		"payment_date_key" : 20050823,
		"amount" : 0.99
	},
	{
		"fact_order_key" : 363,
		"rental_key" : 1360,
		"store_key" : 2,
		"film_key" : 893,
		"customer_key" : 14,
		"staff_key" : 2,
		"rental_date_key" : 20050823,
		"return_date_key" : 20050830,
		"payment_date_key" : 20050823,
		"amount" : 4.99
	},
	{
		"fact_order_key" : 364,
		"rental_key" : 3707,
		"store_key" : 1,
		"film_key" : 241,
		"customer_key" : 14,
		"staff_key" : 2,
		"rental_date_key" : 20050823,
		"return_date_key" : 20050830,
		"payment_date_key" : 20050823,
		"amount" : 2.99
	},
	{
		"fact_order_key" : 365,
		"rental_key" : 4952,
		"store_key" : 1,
		"film_key" : 101,
		"customer_key" : 14,
		"staff_key" : 1,
		"rental_date_key" : 20050823,
		"return_date_key" : 20050830,
		"payment_date_key" : 20050823,
		"amount" : 0.99
	},
	{
		"fact_order_key" : 366,
		"rental_key" : 5104,
		"store_key" : 2,
		"film_key" : 457,
		"customer_key" : 14,
		"staff_key" : 1,
		"rental_date_key" : 20050823,
		"return_date_key" : 20050830,
		"payment_date_key" : 20050823,
		"amount" : 0.99
	},
	{
		"fact_order_key" : 367,
		"rental_key" : 5317,
		"store_key" : 2,
		"film_key" : 591,
		"customer_key" : 14,
		"staff_key" : 2,
		"rental_date_key" : 20050823,
		"return_date_key" : 20050830,
		"payment_date_key" : 20050823,
		"amount" : 7.99
	},
	{
		"fact_order_key" : 368,
		"rental_key" : 5383,
		"store_key" : 2,
		"film_key" : 124,
		"customer_key" : 14,
		"staff_key" : 1,
		"rental_date_key" : 20050823,
		"return_date_key" : 20050830,
		"payment_date_key" : 20050823,
		"amount" : 4.99
	},
	{
		"fact_order_key" : 369,
		"rental_key" : 5565,
		"store_key" : 1,
		"film_key" : 739,
		"customer_key" : 14,
		"staff_key" : 1,
		"rental_date_key" : 20050823,
		"return_date_key" : 20050830,
		"payment_date_key" : 20050823,
		"amount" : 7.99
	},
	{
		"fact_order_key" : 370,
		"rental_key" : 8035,
		"store_key" : 1,
		"film_key" : 329,
		"customer_key" : 14,
		"staff_key" : 1,
		"rental_date_key" : 20050823,
		"return_date_key" : 20050830,
		"payment_date_key" : 20050823,
		"amount" : 6.99
	},
	{
		"fact_order_key" : 371,
		"rental_key" : 8042,
		"store_key" : 1,
		"film_key" : 942,
		"customer_key" : 14,
		"staff_key" : 2,
		"rental_date_key" : 20050823,
		"return_date_key" : 20050830,
		"payment_date_key" : 20050823,
		"amount" : 0.99
	},
	{
		"fact_order_key" : 372,
		"rental_key" : 8548,
		"store_key" : 2,
		"film_key" : 738,
		"customer_key" : 14,
		"staff_key" : 2,
		"rental_date_key" : 20050823,
		"return_date_key" : 20050830,
		"payment_date_key" : 20050823,
		"amount" : 3.99
	},
	{
		"fact_order_key" : 373,
		"rental_key" : 8836,
		"store_key" : 1,
		"film_key" : 719,
		"customer_key" : 14,
		"staff_key" : 2,
		"rental_date_key" : 20050823,
		"return_date_key" : 20050830,
		"payment_date_key" : 20050823,
		"amount" : 4.99
	},
	{
		"fact_order_key" : 374,
		"rental_key" : 9438,
		"store_key" : 1,
		"film_key" : 24,
		"customer_key" : 14,
		"staff_key" : 2,
		"rental_date_key" : 20050823,
		"return_date_key" : 20050830,
		"payment_date_key" : 20050823,
		"amount" : 4.99
	},
	{
		"fact_order_key" : 375,
		"rental_key" : 9592,
		"store_key" : 1,
		"film_key" : 397,
		"customer_key" : 14,
		"staff_key" : 1,
		"rental_date_key" : 20050823,
		"return_date_key" : 20050830,
		"payment_date_key" : 20050823,
		"amount" : 2.99
	},
	{
		"fact_order_key" : 376,
		"rental_key" : 10348,
		"store_key" : 2,
		"film_key" : 450,
		"customer_key" : 14,
		"staff_key" : 2,
		"rental_date_key" : 20050823,
		"return_date_key" : 20050830,
		"payment_date_key" : 20050823,
		"amount" : 2.99
	},
	{
		"fact_order_key" : 377,
		"rental_key" : 10526,
		"store_key" : 1,
		"film_key" : 6,
		"customer_key" : 14,
		"staff_key" : 1,
		"rental_date_key" : 20050823,
		"return_date_key" : 20050830,
		"payment_date_key" : 20050823,
		"amount" : 6.99
	},
	{
		"fact_order_key" : 378,
		"rental_key" : 11480,
		"store_key" : 1,
		"film_key" : 904,
		"customer_key" : 14,
		"staff_key" : 2,
		"rental_date_key" : 20050823,
		"return_date_key" : 20050830,
		"payment_date_key" : 20050823,
		"amount" : 4.99
	},
	{
		"fact_order_key" : 379,
		"rental_key" : 11528,
		"store_key" : 2,
		"film_key" : 199,
		"customer_key" : 14,
		"staff_key" : 2,
		"rental_date_key" : 20050823,
		"return_date_key" : 20050830,
		"payment_date_key" : 20050823,
		"amount" : 3.99
	},
	{
		"fact_order_key" : 380,
		"rental_key" : 12668,
		"store_key" : 1,
		"film_key" : 433,
		"customer_key" : 14,
		"staff_key" : 1,
		"rental_date_key" : 20050823,
		"return_date_key" : 20050830,
		"payment_date_key" : 20050823,
		"amount" : 2.99
	},
	{
		"fact_order_key" : 381,
		"rental_key" : 13757,
		"store_key" : 2,
		"film_key" : 253,
		"customer_key" : 14,
		"staff_key" : 2,
		"rental_date_key" : 20050823,
		"return_date_key" : 20050830,
		"payment_date_key" : 20050823,
		"amount" : 4.99
	},
	{
		"fact_order_key" : 382,
		"rental_key" : 15015,
		"store_key" : 1,
		"film_key" : 674,
		"customer_key" : 14,
		"staff_key" : 2,
		"rental_date_key" : 20050823,
		"return_date_key" : 20050830,
		"payment_date_key" : 20050823,
		"amount" : 6.99
	},
	{
		"fact_order_key" : 383,
		"rental_key" : 15373,
		"store_key" : 2,
		"film_key" : 970,
		"customer_key" : 14,
		"staff_key" : 2,
		"rental_date_key" : 20050823,
		"return_date_key" : 20050830,
		"payment_date_key" : 20050823,
		"amount" : 0.99
	},
	{
		"fact_order_key" : 384,
		"rental_key" : 16045,
		"store_key" : 1,
		"film_key" : 168,
		"customer_key" : 14,
		"staff_key" : 1,
		"rental_date_key" : 20050823,
		"return_date_key" : 20050830,
		"payment_date_key" : 20050823,
		"amount" : 0.99
	},
	{
		"fact_order_key" : 385,
		"rental_key" : 13780,
		"store_key" : 2,
		"film_key" : 385,
		"customer_key" : 14,
		"staff_key" : 2,
		"rental_date_key" : 20050823,
		"return_date_key" : 20050830,
		"payment_date_key" : 20050823,
		"amount" : 4.99
	},
	{
		"fact_order_key" : 386,
		"rental_key" : 2486,
		"store_key" : 2,
		"film_key" : 59,
		"customer_key" : 15,
		"staff_key" : 1,
		"rental_date_key" : 20050823,
		"return_date_key" : 20050830,
		"payment_date_key" : 20050823,
		"amount" : 2.99
	},
	{
		"fact_order_key" : 387,
		"rental_key" : 2937,
		"store_key" : 1,
		"film_key" : 435,
		"customer_key" : 15,
		"staff_key" : 1,
		"rental_date_key" : 20050823,
		"return_date_key" : 20050830,
		"payment_date_key" : 20050823,
		"amount" : 5.99
	},
	{
		"fact_order_key" : 388,
		"rental_key" : 3182,
		"store_key" : 1,
		"film_key" : 875,
		"customer_key" : 15,
		"staff_key" : 2,
		"rental_date_key" : 20050823,
		"return_date_key" : 20050830,
		"payment_date_key" : 20050823,
		"amount" : 0.99
	},
	{
		"fact_order_key" : 389,
		"rental_key" : 3550,
		"store_key" : 2,
		"film_key" : 527,
		"customer_key" : 15,
		"staff_key" : 2,
		"rental_date_key" : 20050823,
		"return_date_key" : 20050830,
		"payment_date_key" : 20050823,
		"amount" : 7.99
	},
	{
		"fact_order_key" : 390,
		"rental_key" : 4127,
		"store_key" : 1,
		"film_key" : 385,
		"customer_key" : 15,
		"staff_key" : 2,
		"rental_date_key" : 20050823,
		"return_date_key" : 20050830,
		"payment_date_key" : 20050823,
		"amount" : 5.99
	},
	{
		"fact_order_key" : 391,
		"rental_key" : 5717,
		"store_key" : 2,
		"film_key" : 116,
		"customer_key" : 15,
		"staff_key" : 1,
		"rental_date_key" : 20050823,
		"return_date_key" : 20050830,
		"payment_date_key" : 20050823,
		"amount" : 2.99
	},
	{
		"fact_order_key" : 392,
		"rental_key" : 5975,
		"store_key" : 1,
		"film_key" : 657,
		"customer_key" : 15,
		"staff_key" : 1,
		"rental_date_key" : 20050823,
		"return_date_key" : 20050830,
		"payment_date_key" : 20050823,
		"amount" : 2.99
	},
	{
		"fact_order_key" : 393,
		"rental_key" : 7105,
		"store_key" : 2,
		"film_key" : 190,
		"customer_key" : 15,
		"staff_key" : 2,
		"rental_date_key" : 20050823,
		"return_date_key" : 20050830,
		"payment_date_key" : 20050823,
		"amount" : 4.99
	},
	{
		"fact_order_key" : 394,
		"rental_key" : 8193,
		"store_key" : 1,
		"film_key" : 525,
		"customer_key" : 15,
		"staff_key" : 2,
		"rental_date_key" : 20050823,
		"return_date_key" : 20050830,
		"payment_date_key" : 20050823,
		"amount" : 0.99
	},
	{
		"fact_order_key" : 395,
		"rental_key" : 8615,
		"store_key" : 1,
		"film_key" : 973,
		"customer_key" : 15,
		"staff_key" : 1,
		"rental_date_key" : 20050823,
		"return_date_key" : 20050830,
		"payment_date_key" : 20050823,
		"amount" : 6.99
	},
	{
		"fact_order_key" : 396,
		"rental_key" : 8927,
		"store_key" : 1,
		"film_key" : 61,
		"customer_key" : 15,
		"staff_key" : 1,
		"rental_date_key" : 20050823,
		"return_date_key" : 20050830,
		"payment_date_key" : 20050823,
		"amount" : 4.99
	},
	{
		"fact_order_key" : 397,
		"rental_key" : 9987,
		"store_key" : 2,
		"film_key" : 353,
		"customer_key" : 15,
		"staff_key" : 2,
		"rental_date_key" : 20050823,
		"return_date_key" : 20050830,
		"payment_date_key" : 20050823,
		"amount" : 2.99
	},
	{
		"fact_order_key" : 398,
		"rental_key" : 11118,
		"store_key" : 2,
		"film_key" : 526,
		"customer_key" : 15,
		"staff_key" : 2,
		"rental_date_key" : 20050823,
		"return_date_key" : 20050830,
		"payment_date_key" : 20050823,
		"amount" : 2.99
	},
	{
		"fact_order_key" : 399,
		"rental_key" : 11141,
		"store_key" : 1,
		"film_key" : 353,
		"customer_key" : 15,
		"staff_key" : 1,
		"rental_date_key" : 20050823,
		"return_date_key" : 20050830,
		"payment_date_key" : 20050823,
		"amount" : 2.99
	},
	{
		"fact_order_key" : 400,
		"rental_key" : 11307,
		"store_key" : 2,
		"film_key" : 326,
		"customer_key" : 15,
		"staff_key" : 2,
		"rental_date_key" : 20050823,
		"return_date_key" : 20050830,
		"payment_date_key" : 20050823,
		"amount" : 2.99
	},
	{
		"fact_order_key" : 401,
		"rental_key" : 11341,
		"store_key" : 2,
		"film_key" : 784,
		"customer_key" : 15,
		"staff_key" : 2,
		"rental_date_key" : 20050823,
		"return_date_key" : 20050830,
		"payment_date_key" : 20050823,
		"amount" : 2.99
	},
	{
		"fact_order_key" : 402,
		"rental_key" : 11922,
		"store_key" : 1,
		"film_key" : 811,
		"customer_key" : 15,
		"staff_key" : 2,
		"rental_date_key" : 20050823,
		"return_date_key" : 20050830,
		"payment_date_key" : 20050823,
		"amount" : 7.99
	},
	{
		"fact_order_key" : 403,
		"rental_key" : 12272,
		"store_key" : 2,
		"film_key" : 428,
		"customer_key" : 15,
		"staff_key" : 1,
		"rental_date_key" : 20050823,
		"return_date_key" : 20050830,
		"payment_date_key" : 20050823,
		"amount" : 2.99
	},
	{
		"fact_order_key" : 404,
		"rental_key" : 12551,
		"store_key" : 2,
		"film_key" : 474,
		"customer_key" : 15,
		"staff_key" : 2,
		"rental_date_key" : 20050823,
		"return_date_key" : 20050830,
		"payment_date_key" : 20050823,
		"amount" : 2.99
	},
	{
		"fact_order_key" : 405,
		"rental_key" : 12635,
		"store_key" : 2,
		"film_key" : 73,
		"customer_key" : 15,
		"staff_key" : 2,
		"rental_date_key" : 20050823,
		"return_date_key" : 20050830,
		"payment_date_key" : 20050823,
		"amount" : 2.99
	},
	{
		"fact_order_key" : 406,
		"rental_key" : 13339,
		"store_key" : 1,
		"film_key" : 313,
		"customer_key" : 15,
		"staff_key" : 1,
		"rental_date_key" : 20050823,
		"return_date_key" : 20050830,
		"payment_date_key" : 20050823,
		"amount" : 8.99
	},
	{
		"fact_order_key" : 407,
		"rental_key" : 13393,
		"store_key" : 1,
		"film_key" : 213,
		"customer_key" : 15,
		"staff_key" : 2,
		"rental_date_key" : 20050823,
		"return_date_key" : 20050830,
		"payment_date_key" : 20050823,
		"amount" : 5.99
	},
	{
		"fact_order_key" : 408,
		"rental_key" : 13503,
		"store_key" : 1,
		"film_key" : 100,
		"customer_key" : 15,
		"staff_key" : 1,
		"rental_date_key" : 20050823,
		"return_date_key" : 20050830,
		"payment_date_key" : 20050823,
		"amount" : 5.99
	},
	{
		"fact_order_key" : 409,
		"rental_key" : 13541,
		"store_key" : 2,
		"film_key" : 300,
		"customer_key" : 15,
		"staff_key" : 1,
		"rental_date_key" : 20050823,
		"return_date_key" : 20050830,
		"payment_date_key" : 20050823,
		"amount" : 4.99
	},
	{
		"fact_order_key" : 410,
		"rental_key" : 13677,
		"store_key" : 2,
		"film_key" : 873,
		"customer_key" : 15,
		"staff_key" : 2,
		"rental_date_key" : 20050823,
		"return_date_key" : 20050830,
		"payment_date_key" : 20050823,
		"amount" : 3.99
	},
	{
		"fact_order_key" : 411,
		"rental_key" : 14569,
		"store_key" : 2,
		"film_key" : 194,
		"customer_key" : 15,
		"staff_key" : 2,
		"rental_date_key" : 20050823,
		"return_date_key" : 20050830,
		"payment_date_key" : 20050823,
		"amount" : 0.99
	},
	{
		"fact_order_key" : 412,
		"rental_key" : 14776,
		"store_key" : 2,
		"film_key" : 764,
		"customer_key" : 15,
		"staff_key" : 2,
		"rental_date_key" : 20050823,
		"return_date_key" : 20050830,
		"payment_date_key" : 20050823,
		"amount" : 4.99
	},
	{
		"fact_order_key" : 413,
		"rental_key" : 14872,
		"store_key" : 2,
		"film_key" : 214,
		"customer_key" : 15,
		"staff_key" : 1,
		"rental_date_key" : 20050823,
		"return_date_key" : 20050830,
		"payment_date_key" : 20050823,
		"amount" : 8.99
	},
	{
		"fact_order_key" : 414,
		"rental_key" : 15178,
		"store_key" : 2,
		"film_key" : 379,
		"customer_key" : 15,
		"staff_key" : 2,
		"rental_date_key" : 20050823,
		"return_date_key" : 20050830,
		"payment_date_key" : 20050823,
		"amount" : 0.99
	},
	{
		"fact_order_key" : 415,
		"rental_key" : 15897,
		"store_key" : 1,
		"film_key" : 361,
		"customer_key" : 15,
		"staff_key" : 1,
		"rental_date_key" : 20050823,
		"return_date_key" : 20050830,
		"payment_date_key" : 20050823,
		"amount" : 4.99
	},
	{
		"fact_order_key" : 416,
		"rental_key" : 13798,
		"store_key" : 1,
		"film_key" : 116,
		"customer_key" : 15,
		"staff_key" : 2,
		"rental_date_key" : 20050823,
		"return_date_key" : 20050830,
		"payment_date_key" : 20050823,
		"amount" : 3.98
	},
	{
		"fact_order_key" : 417,
		"rental_key" : 13968,
		"store_key" : 2,
		"film_key" : 812,
		"customer_key" : 15,
		"staff_key" : 2,
		"rental_date_key" : 20050823,
		"return_date_key" : 20050830,
		"payment_date_key" : 20050823,
		"amount" : 0
	},
	{
		"fact_order_key" : 418,
		"rental_key" : 335,
		"store_key" : 1,
		"film_key" : 309,
		"customer_key" : 16,
		"staff_key" : 2,
		"rental_date_key" : 20050823,
		"return_date_key" : 20050830,
		"payment_date_key" : 20050823,
		"amount" : 3.99
	},
	{
		"fact_order_key" : 419,
		"rental_key" : 593,
		"store_key" : 1,
		"film_key" : 393,
		"customer_key" : 16,
		"staff_key" : 2,
		"rental_date_key" : 20050823,
		"return_date_key" : 20050830,
		"payment_date_key" : 20050823,
		"amount" : 2.99
	},
	{
		"fact_order_key" : 420,
		"rental_key" : 887,
		"store_key" : 1,
		"film_key" : 598,
		"customer_key" : 16,
		"staff_key" : 2,
		"rental_date_key" : 20050823,
		"return_date_key" : 20050830,
		"payment_date_key" : 20050823,
		"amount" : 0.99
	},
	{
		"fact_order_key" : 421,
		"rental_key" : 1017,
		"store_key" : 2,
		"film_key" : 274,
		"customer_key" : 16,
		"staff_key" : 1,
		"rental_date_key" : 20050823,
		"return_date_key" : 20050830,
		"payment_date_key" : 20050823,
		"amount" : 2.99
	},
	{
		"fact_order_key" : 422,
		"rental_key" : 1934,
		"store_key" : 1,
		"film_key" : 871,
		"customer_key" : 16,
		"staff_key" : 2,
		"rental_date_key" : 20050823,
		"return_date_key" : 20050830,
		"payment_date_key" : 20050823,
		"amount" : 6.99
	},
	{
		"fact_order_key" : 423,
		"rental_key" : 1944,
		"store_key" : 2,
		"film_key" : 71,
		"customer_key" : 16,
		"staff_key" : 2,
		"rental_date_key" : 20050823,
		"return_date_key" : 20050830,
		"payment_date_key" : 20050823,
		"amount" : 7.99
	},
	{
		"fact_order_key" : 424,
		"rental_key" : 2960,
		"store_key" : 1,
		"film_key" : 865,
		"customer_key" : 16,
		"staff_key" : 2,
		"rental_date_key" : 20050823,
		"return_date_key" : 20050830,
		"payment_date_key" : 20050823,
		"amount" : 7.99
	},
	{
		"fact_order_key" : 425,
		"rental_key" : 3348,
		"store_key" : 2,
		"film_key" : 646,
		"customer_key" : 16,
		"staff_key" : 2,
		"rental_date_key" : 20050823,
		"return_date_key" : 20050830,
		"payment_date_key" : 20050823,
		"amount" : 0.99
	},
	{
		"fact_order_key" : 426,
		"rental_key" : 3548,
		"store_key" : 1,
		"film_key" : 982,
		"customer_key" : 16,
		"staff_key" : 2,
		"rental_date_key" : 20050823,
		"return_date_key" : 20050830,
		"payment_date_key" : 20050823,
		"amount" : 0.99
	},
	{
		"fact_order_key" : 427,
		"rental_key" : 4219,
		"store_key" : 2,
		"film_key" : 615,
		"customer_key" : 16,
		"staff_key" : 1,
		"rental_date_key" : 20050823,
		"return_date_key" : 20050830,
		"payment_date_key" : 20050823,
		"amount" : 2.99
	},
	{
		"fact_order_key" : 428,
		"rental_key" : 4263,
		"store_key" : 2,
		"film_key" : 651,
		"customer_key" : 16,
		"staff_key" : 1,
		"rental_date_key" : 20050823,
		"return_date_key" : 20050830,
		"payment_date_key" : 20050823,
		"amount" : 3.99
	},
	{
		"fact_order_key" : 429,
		"rental_key" : 4517,
		"store_key" : 1,
		"film_key" : 100,
		"customer_key" : 16,
		"staff_key" : 2,
		"rental_date_key" : 20050823,
		"return_date_key" : 20050830,
		"payment_date_key" : 20050823,
		"amount" : 4.99
	},
	{
		"fact_order_key" : 430,
		"rental_key" : 6100,
		"store_key" : 1,
		"film_key" : 764,
		"customer_key" : 16,
		"staff_key" : 2,
		"rental_date_key" : 20050823,
		"return_date_key" : 20050830,
		"payment_date_key" : 20050823,
		"amount" : 4.99
	},
	{
		"fact_order_key" : 431,
		"rental_key" : 7489,
		"store_key" : 1,
		"film_key" : 816,
		"customer_key" : 16,
		"staff_key" : 2,
		"rental_date_key" : 20050823,
		"return_date_key" : 20050830,
		"payment_date_key" : 20050823,
		"amount" : 0.99
	},
	{
		"fact_order_key" : 432,
		"rental_key" : 7552,
		"store_key" : 1,
		"film_key" : 468,
		"customer_key" : 16,
		"staff_key" : 1,
		"rental_date_key" : 20050823,
		"return_date_key" : 20050830,
		"payment_date_key" : 20050823,
		"amount" : 2.99
	},
	{
		"fact_order_key" : 433,
		"rental_key" : 8452,
		"store_key" : 2,
		"film_key" : 939,
		"customer_key" : 16,
		"staff_key" : 2,
		"rental_date_key" : 20050823,
		"return_date_key" : 20050830,
		"payment_date_key" : 20050823,
		"amount" : 5.99
	},
	{
		"fact_order_key" : 434,
		"rental_key" : 9158,
		"store_key" : 1,
		"film_key" : 875,
		"customer_key" : 16,
		"staff_key" : 2,
		"rental_date_key" : 20050823,
		"return_date_key" : 20050830,
		"payment_date_key" : 20050823,
		"amount" : 0.99
	},
	{
		"fact_order_key" : 435,
		"rental_key" : 9610,
		"store_key" : 1,
		"film_key" : 683,
		"customer_key" : 16,
		"staff_key" : 1,
		"rental_date_key" : 20050823,
		"return_date_key" : 20050830,
		"payment_date_key" : 20050823,
		"amount" : 5.99
	},
	{
		"fact_order_key" : 436,
		"rental_key" : 10687,
		"store_key" : 2,
		"film_key" : 700,
		"customer_key" : 16,
		"staff_key" : 2,
		"rental_date_key" : 20050823,
		"return_date_key" : 20050830,
		"payment_date_key" : 20050823,
		"amount" : 2.99
	},
	{
		"fact_order_key" : 437,
		"rental_key" : 10727,
		"store_key" : 1,
		"film_key" : 445,
		"customer_key" : 16,
		"staff_key" : 1,
		"rental_date_key" : 20050823,
		"return_date_key" : 20050830,
		"payment_date_key" : 20050823,
		"amount" : 2.99
	},
	{
		"fact_order_key" : 438,
		"rental_key" : 11308,
		"store_key" : 1,
		"film_key" : 153,
		"customer_key" : 16,
		"staff_key" : 2,
		"rental_date_key" : 20050823,
		"return_date_key" : 20050830,
		"payment_date_key" : 20050823,
		"amount" : 0.99
	},
	{
		"fact_order_key" : 439,
		"rental_key" : 12104,
		"store_key" : 2,
		"film_key" : 993,
		"customer_key" : 16,
		"staff_key" : 1,
		"rental_date_key" : 20050823,
		"return_date_key" : 20050830,
		"payment_date_key" : 20050823,
		"amount" : 2.99
	},
	{
		"fact_order_key" : 440,
		"rental_key" : 12358,
		"store_key" : 1,
		"film_key" : 112,
		"customer_key" : 16,
		"staff_key" : 1,
		"rental_date_key" : 20050823,
		"return_date_key" : 20050830,
		"payment_date_key" : 20050823,
		"amount" : 4.99
	},
	{
		"fact_order_key" : 441,
		"rental_key" : 12577,
		"store_key" : 1,
		"film_key" : 898,
		"customer_key" : 16,
		"staff_key" : 2,
		"rental_date_key" : 20050823,
		"return_date_key" : 20050830,
		"payment_date_key" : 20050823,
		"amount" : 7.99
	},
	{
		"fact_order_key" : 442,
		"rental_key" : 13151,
		"store_key" : 1,
		"film_key" : 668,
		"customer_key" : 16,
		"staff_key" : 2,
		"rental_date_key" : 20050823,
		"return_date_key" : 20050830,
		"payment_date_key" : 20050823,
		"amount" : 4.99
	},
	{
		"fact_order_key" : 443,
		"rental_key" : 13391,
		"store_key" : 2,
		"film_key" : 917,
		"customer_key" : 16,
		"staff_key" : 2,
		"rental_date_key" : 20050823,
		"return_date_key" : 20050830,
		"payment_date_key" : 20050823,
		"amount" : 4.99
	},
	{
		"fact_order_key" : 444,
		"rental_key" : 13480,
		"store_key" : 2,
		"film_key" : 45,
		"customer_key" : 16,
		"staff_key" : 2,
		"rental_date_key" : 20050823,
		"return_date_key" : 20050830,
		"payment_date_key" : 20050823,
		"amount" : 6.99
	},
	{
		"fact_order_key" : 445,
		"rental_key" : 14511,
		"store_key" : 1,
		"film_key" : 973,
		"customer_key" : 16,
		"staff_key" : 2,
		"rental_date_key" : 20050823,
		"return_date_key" : 20050830,
		"payment_date_key" : 20050823,
		"amount" : 8.99
	},
	{
		"fact_order_key" : 446,
		"rental_key" : 287,
		"store_key" : 2,
		"film_key" : 792,
		"customer_key" : 17,
		"staff_key" : 1,
		"rental_date_key" : 20050823,
		"return_date_key" : 20050830,
		"payment_date_key" : 20050823,
		"amount" : 2.99
	},
	{
		"fact_order_key" : 447,
		"rental_key" : 580,
		"store_key" : 2,
		"film_key" : 770,
		"customer_key" : 17,
		"staff_key" : 2,
		"rental_date_key" : 20050823,
		"return_date_key" : 20050830,
		"payment_date_key" : 20050823,
		"amount" : 2.99
	},
	{
		"fact_order_key" : 448,
		"rental_key" : 884,
		"store_key" : 1,
		"film_key" : 889,
		"customer_key" : 17,
		"staff_key" : 1,
		"rental_date_key" : 20050823,
		"return_date_key" : 20050830,
		"payment_date_key" : 20050823,
		"amount" : 4.99
	},
	{
		"fact_order_key" : 449,
		"rental_key" : 2175,
		"store_key" : 2,
		"film_key" : 879,
		"customer_key" : 17,
		"staff_key" : 2,
		"rental_date_key" : 20050823,
		"return_date_key" : 20050830,
		"payment_date_key" : 20050823,
		"amount" : 5.99
	},
	{
		"fact_order_key" : 450,
		"rental_key" : 2684,
		"store_key" : 2,
		"film_key" : 271,
		"customer_key" : 17,
		"staff_key" : 2,
		"rental_date_key" : 20050823,
		"return_date_key" : 20050830,
		"payment_date_key" : 20050823,
		"amount" : 8.99
	},
	{
		"fact_order_key" : 451,
		"rental_key" : 3269,
		"store_key" : 2,
		"film_key" : 838,
		"customer_key" : 17,
		"staff_key" : 2,
		"rental_date_key" : 20050823,
		"return_date_key" : 20050830,
		"payment_date_key" : 20050823,
		"amount" : 5.99
	},
	{
		"fact_order_key" : 452,
		"rental_key" : 5714,
		"store_key" : 2,
		"film_key" : 810,
		"customer_key" : 17,
		"staff_key" : 1,
		"rental_date_key" : 20050823,
		"return_date_key" : 20050830,
		"payment_date_key" : 20050823,
		"amount" : 3.99
	},
	{
		"fact_order_key" : 453,
		"rental_key" : 5883,
		"store_key" : 2,
		"film_key" : 619,
		"customer_key" : 17,
		"staff_key" : 2,
		"rental_date_key" : 20050823,
		"return_date_key" : 20050830,
		"payment_date_key" : 20050823,
		"amount" : 3.99
	},
	{
		"fact_order_key" : 454,
		"rental_key" : 6884,
		"store_key" : 1,
		"film_key" : 795,
		"customer_key" : 17,
		"staff_key" : 1,
		"rental_date_key" : 20050823,
		"return_date_key" : 20050830,
		"payment_date_key" : 20050823,
		"amount" : 1.99
	},
	{
		"fact_order_key" : 455,
		"rental_key" : 8076,
		"store_key" : 2,
		"film_key" : 48,
		"customer_key" : 17,
		"staff_key" : 2,
		"rental_date_key" : 20050823,
		"return_date_key" : 20050830,
		"payment_date_key" : 20050823,
		"amount" : 8.99
	},
	{
		"fact_order_key" : 456,
		"rental_key" : 8213,
		"store_key" : 2,
		"film_key" : 835,
		"customer_key" : 17,
		"staff_key" : 2,
		"rental_date_key" : 20050823,
		"return_date_key" : 20050830,
		"payment_date_key" : 20050823,
		"amount" : 2.99
	},
	{
		"fact_order_key" : 457,
		"rental_key" : 9092,
		"store_key" : 1,
		"film_key" : 409,
		"customer_key" : 17,
		"staff_key" : 2,
		"rental_date_key" : 20050823,
		"return_date_key" : 20050830,
		"payment_date_key" : 20050823,
		"amount" : 8.99
	},
	{
		"fact_order_key" : 458,
		"rental_key" : 9138,
		"store_key" : 2,
		"film_key" : 559,
		"customer_key" : 17,
		"staff_key" : 2,
		"rental_date_key" : 20050823,
		"return_date_key" : 20050830,
		"payment_date_key" : 20050823,
		"amount" : 2.99
	},
	{
		"fact_order_key" : 459,
		"rental_key" : 9382,
		"store_key" : 2,
		"film_key" : 460,
		"customer_key" : 17,
		"staff_key" : 2,
		"rental_date_key" : 20050823,
		"return_date_key" : 20050830,
		"payment_date_key" : 20050823,
		"amount" : 8.99
	},
	{
		"fact_order_key" : 460,
		"rental_key" : 9489,
		"store_key" : 2,
		"film_key" : 873,
		"customer_key" : 17,
		"staff_key" : 2,
		"rental_date_key" : 20050823,
		"return_date_key" : 20050830,
		"payment_date_key" : 20050823,
		"amount" : 0.99
	},
	{
		"fact_order_key" : 461,
		"rental_key" : 11990,
		"store_key" : 1,
		"film_key" : 661,
		"customer_key" : 17,
		"staff_key" : 2,
		"rental_date_key" : 20050823,
		"return_date_key" : 20050830,
		"payment_date_key" : 20050823,
		"amount" : 4.99
	},
	{
		"fact_order_key" : 462,
		"rental_key" : 13732,
		"store_key" : 1,
		"film_key" : 252,
		"customer_key" : 17,
		"staff_key" : 1,
		"rental_date_key" : 20050823,
		"return_date_key" : 20050830,
		"payment_date_key" : 20050823,
		"amount" : 2.99
	},
	{
		"fact_order_key" : 463,
		"rental_key" : 14040,
		"store_key" : 1,
		"film_key" : 201,
		"customer_key" : 17,
		"staff_key" : 1,
		"rental_date_key" : 20050823,
		"return_date_key" : 20050830,
		"payment_date_key" : 20050823,
		"amount" : 2.99
	},
	{
		"fact_order_key" : 464,
		"rental_key" : 14326,
		"store_key" : 2,
		"film_key" : 234,
		"customer_key" : 17,
		"staff_key" : 1,
		"rental_date_key" : 20050823,
		"return_date_key" : 20050830,
		"payment_date_key" : 20050823,
		"amount" : 2.99
	},
	{
		"fact_order_key" : 465,
		"rental_key" : 14346,
		"store_key" : 1,
		"film_key" : 22,
		"customer_key" : 17,
		"staff_key" : 2,
		"rental_date_key" : 20050823,
		"return_date_key" : 20050830,
		"payment_date_key" : 20050823,
		"amount" : 2.99
	},
	{
		"fact_order_key" : 466,
		"rental_key" : 15752,
		"store_key" : 1,
		"film_key" : 458,
		"customer_key" : 17,
		"staff_key" : 1,
		"rental_date_key" : 20050823,
		"return_date_key" : 20050830,
		"payment_date_key" : 20050823,
		"amount" : 5.99
	},
	{
		"fact_order_key" : 467,
		"rental_key" : 50,
		"store_key" : 2,
		"film_key" : 432,
		"customer_key" : 18,
		"staff_key" : 2,
		"rental_date_key" : 20050823,
		"return_date_key" : 20050830,
		"payment_date_key" : 20050823,
		"amount" : 2.99
	},
	{
		"fact_order_key" : 468,
		"rental_key" : 116,
		"store_key" : 1,
		"film_key" : 973,
		"customer_key" : 18,
		"staff_key" : 1,
		"rental_date_key" : 20050823,
		"return_date_key" : 20050830,
		"payment_date_key" : 20050823,
		"amount" : 4.99
	},
	{
		"fact_order_key" : 469,
		"rental_key" : 692,
		"store_key" : 2,
		"film_key" : 174,
		"customer_key" : 18,
		"staff_key" : 2,
		"rental_date_key" : 20050823,
		"return_date_key" : 20050830,
		"payment_date_key" : 20050823,
		"amount" : 4.99
	},
	{
		"fact_order_key" : 470,
		"rental_key" : 1451,
		"store_key" : 1,
		"film_key" : 778,
		"customer_key" : 18,
		"staff_key" : 2,
		"rental_date_key" : 20050823,
		"return_date_key" : 20050830,
		"payment_date_key" : 20050823,
		"amount" : 5.99
	},
	{
		"fact_order_key" : 471,
		"rental_key" : 1783,
		"store_key" : 2,
		"film_key" : 10,
		"customer_key" : 18,
		"staff_key" : 1,
		"rental_date_key" : 20050823,
		"return_date_key" : 20050830,
		"payment_date_key" : 20050823,
		"amount" : 4.99
	},
	{
		"fact_order_key" : 472,
		"rental_key" : 2112,
		"store_key" : 1,
		"film_key" : 356,
		"customer_key" : 18,
		"staff_key" : 2,
		"rental_date_key" : 20050823,
		"return_date_key" : 20050830,
		"payment_date_key" : 20050823,
		"amount" : 5.99
	},
	{
		"fact_order_key" : 473,
		"rental_key" : 2990,
		"store_key" : 1,
		"film_key" : 995,
		"customer_key" : 18,
		"staff_key" : 2,
		"rental_date_key" : 20050823,
		"return_date_key" : 20050830,
		"payment_date_key" : 20050823,
		"amount" : 8.99
	},
	{
		"fact_order_key" : 474,
		"rental_key" : 4672,
		"store_key" : 2,
		"film_key" : 417,
		"customer_key" : 18,
		"staff_key" : 1,
		"rental_date_key" : 20050823,
		"return_date_key" : 20050830,
		"payment_date_key" : 20050823,
		"amount" : 3.99
	},
	{
		"fact_order_key" : 475,
		"rental_key" : 4724,
		"store_key" : 2,
		"film_key" : 740,
		"customer_key" : 18,
		"staff_key" : 1,
		"rental_date_key" : 20050823,
		"return_date_key" : 20050830,
		"payment_date_key" : 20050823,
		"amount" : 3.99
	},
	{
		"fact_order_key" : 476,
		"rental_key" : 4923,
		"store_key" : 2,
		"film_key" : 206,
		"customer_key" : 18,
		"staff_key" : 2,
		"rental_date_key" : 20050823,
		"return_date_key" : 20050830,
		"payment_date_key" : 20050823,
		"amount" : 3.99
	},
	{
		"fact_order_key" : 477,
		"rental_key" : 6128,
		"store_key" : 2,
		"film_key" : 445,
		"customer_key" : 18,
		"staff_key" : 1,
		"rental_date_key" : 20050823,
		"return_date_key" : 20050830,
		"payment_date_key" : 20050823,
		"amount" : 2.99
	},
	{
		"fact_order_key" : 478,
		"rental_key" : 6846,
		"store_key" : 1,
		"film_key" : 270,
		"customer_key" : 18,
		"staff_key" : 1,
		"rental_date_key" : 20050823,
		"return_date_key" : 20050830,
		"payment_date_key" : 20050823,
		"amount" : 0.99
	},
	{
		"fact_order_key" : 479,
		"rental_key" : 8122,
		"store_key" : 1,
		"film_key" : 463,
		"customer_key" : 18,
		"staff_key" : 2,
		"rental_date_key" : 20050823,
		"return_date_key" : 20050830,
		"payment_date_key" : 20050823,
		"amount" : 2.99
	},
	{
		"fact_order_key" : 480,
		"rental_key" : 8555,
		"store_key" : 1,
		"film_key" : 611,
		"customer_key" : 18,
		"staff_key" : 2,
		"rental_date_key" : 20050823,
		"return_date_key" : 20050830,
		"payment_date_key" : 20050823,
		"amount" : 4.99
	},
	{
		"fact_order_key" : 481,
		"rental_key" : 9036,
		"store_key" : 1,
		"film_key" : 173,
		"customer_key" : 18,
		"staff_key" : 1,
		"rental_date_key" : 20050823,
		"return_date_key" : 20050830,
		"payment_date_key" : 20050823,
		"amount" : 4.99
	},
	{
		"fact_order_key" : 482,
		"rental_key" : 9114,
		"store_key" : 2,
		"film_key" : 199,
		"customer_key" : 18,
		"staff_key" : 2,
		"rental_date_key" : 20050823,
		"return_date_key" : 20050830,
		"payment_date_key" : 20050823,
		"amount" : 4.99
	},
	{
		"fact_order_key" : 483,
		"rental_key" : 10682,
		"store_key" : 1,
		"film_key" : 995,
		"customer_key" : 18,
		"staff_key" : 2,
		"rental_date_key" : 20050823,
		"return_date_key" : 20050830,
		"payment_date_key" : 20050823,
		"amount" : 4.99
	},
	{
		"fact_order_key" : 484,
		"rental_key" : 10721,
		"store_key" : 2,
		"film_key" : 200,
		"customer_key" : 18,
		"staff_key" : 2,
		"rental_date_key" : 20050823,
		"return_date_key" : 20050830,
		"payment_date_key" : 20050823,
		"amount" : 1.99
	},
	{
		"fact_order_key" : 485,
		"rental_key" : 11094,
		"store_key" : 2,
		"film_key" : 680,
		"customer_key" : 18,
		"staff_key" : 1,
		"rental_date_key" : 20050823,
		"return_date_key" : 20050830,
		"payment_date_key" : 20050823,
		"amount" : 4.99
	},
	{
		"fact_order_key" : 486,
		"rental_key" : 11439,
		"store_key" : 1,
		"film_key" : 637,
		"customer_key" : 18,
		"staff_key" : 1,
		"rental_date_key" : 20050823,
		"return_date_key" : 20050830,
		"payment_date_key" : 20050823,
		"amount" : 4.99
	},
	{
		"fact_order_key" : 487,
		"rental_key" : 12333,
		"store_key" : 1,
		"film_key" : 953,
		"customer_key" : 18,
		"staff_key" : 2,
		"rental_date_key" : 20050823,
		"return_date_key" : 20050830,
		"payment_date_key" : 20050823,
		"amount" : 0.99
	},
	{
		"fact_order_key" : 488,
		"rental_key" : 13490,
		"store_key" : 1,
		"film_key" : 54,
		"customer_key" : 18,
		"staff_key" : 2,
		"rental_date_key" : 20050823,
		"return_date_key" : 20050830,
		"payment_date_key" : 20050823,
		"amount" : 0.99
	},
	{
		"fact_order_key" : 489,
		"rental_key" : 18,
		"store_key" : 1,
		"film_key" : 741,
		"customer_key" : 19,
		"staff_key" : 2,
		"rental_date_key" : 20050823,
		"return_date_key" : 20050830,
		"payment_date_key" : 20050823,
		"amount" : 0.99
	},
	{
		"fact_order_key" : 490,
		"rental_key" : 110,
		"store_key" : 2,
		"film_key" : 893,
		"customer_key" : 19,
		"staff_key" : 2,
		"rental_date_key" : 20050823,
		"return_date_key" : 20050830,
		"payment_date_key" : 20050823,
		"amount" : 9.99
	},
	{
		"fact_order_key" : 491,
		"rental_key" : 179,
		"store_key" : 2,
		"film_key" : 563,
		"customer_key" : 19,
		"staff_key" : 1,
		"rental_date_key" : 20050823,
		"return_date_key" : 20050830,
		"payment_date_key" : 20050823,
		"amount" : 6.99
	},
	{
		"fact_order_key" : 492,
		"rental_key" : 337,
		"store_key" : 2,
		"film_key" : 164,
		"customer_key" : 19,
		"staff_key" : 1,
		"rental_date_key" : 20050823,
		"return_date_key" : 20050830,
		"payment_date_key" : 20050823,
		"amount" : 2.99
	},
	{
		"fact_order_key" : 493,
		"rental_key" : 591,
		"store_key" : 2,
		"film_key" : 83,
		"customer_key" : 19,
		"staff_key" : 2,
		"rental_date_key" : 20050823,
		"return_date_key" : 20050830,
		"payment_date_key" : 20050823,
		"amount" : 2.99
	},
	{
		"fact_order_key" : 494,
		"rental_key" : 696,
		"store_key" : 2,
		"film_key" : 450,
		"customer_key" : 19,
		"staff_key" : 1,
		"rental_date_key" : 20050823,
		"return_date_key" : 20050830,
		"payment_date_key" : 20050823,
		"amount" : 2.99
	},
	{
		"fact_order_key" : 495,
		"rental_key" : 2657,
		"store_key" : 1,
		"film_key" : 786,
		"customer_key" : 19,
		"staff_key" : 1,
		"rental_date_key" : 20050823,
		"return_date_key" : 20050830,
		"payment_date_key" : 20050823,
		"amount" : 2.99
	},
	{
		"fact_order_key" : 496,
		"rental_key" : 2848,
		"store_key" : 2,
		"film_key" : 756,
		"customer_key" : 19,
		"staff_key" : 1,
		"rental_date_key" : 20050823,
		"return_date_key" : 20050830,
		"payment_date_key" : 20050823,
		"amount" : 2.99
	},
	{
		"fact_order_key" : 497,
		"rental_key" : 3423,
		"store_key" : 2,
		"film_key" : 789,
		"customer_key" : 19,
		"staff_key" : 1,
		"rental_date_key" : 20050823,
		"return_date_key" : 20050830,
		"payment_date_key" : 20050823,
		"amount" : 2.99
	},
	{
		"fact_order_key" : 498,
		"rental_key" : 3549,
		"store_key" : 1,
		"film_key" : 856,
		"customer_key" : 19,
		"staff_key" : 2,
		"rental_date_key" : 20050823,
		"return_date_key" : 20050830,
		"payment_date_key" : 20050823,
		"amount" : 4.99
	},
	{
		"fact_order_key" : 499,
		"rental_key" : 6495,
		"store_key" : 2,
		"film_key" : 532,
		"customer_key" : 19,
		"staff_key" : 1,
		"rental_date_key" : 20050823,
		"return_date_key" : 20050830,
		"payment_date_key" : 20050823,
		"amount" : 4.99
	},
	{
		"fact_order_key" : 500,
		"rental_key" : 9157,
		"store_key" : 1,
		"film_key" : 31,
		"customer_key" : 19,
		"staff_key" : 2,
		"rental_date_key" : 20050823,
		"return_date_key" : 20050830,
		"payment_date_key" : 20050823,
		"amount" : 5.99
	}
]