[
	{
		"fact_order_key" : 751,
		"rental_key" : 1240,
		"store_key" : 2,
		"film_key" : 841,
		"customer_key" : 28,
		"staff_key" : 1,
		"rental_date_key" : 20050823,
		"return_date_key" : 20050830,
		"payment_date_key" : 20050823,
		"amount" : 2.99
	},
	{
		"fact_order_key" : 752,
		"rental_key" : 1543,
		"store_key" : 1,
		"film_key" : 265,
		"customer_key" : 28,
		"staff_key" : 2,
		"rental_date_key" : 20050823,
		"return_date_key" : 20050830,
		"payment_date_key" : 20050823,
		"amount" : 4.99
	},
	{
		"fact_order_key" : 753,
		"rental_key" : 2299,
		"store_key" : 2,
		"film_key" : 945,
		"customer_key" : 28,
		"staff_key" : 1,
		"rental_date_key" : 20050823,
		"return_date_key" : 20050830,
		"payment_date_key" : 20050823,
		"amount" : 3.99
	},
	{
		"fact_order_key" : 754,
		"rental_key" : 2604,
		"store_key" : 2,
		"film_key" : 634,
		"customer_key" : 28,
		"staff_key" : 2,
		"rental_date_key" : 20050823,
		"return_date_key" : 20050830,
		"payment_date_key" : 20050823,
		"amount" : 0.99
	},
	{
		"fact_order_key" : 755,
		"rental_key" : 3231,
		"store_key" : 1,
		"film_key" : 54,
		"customer_key" : 28,
		"staff_key" : 2,
		"rental_date_key" : 20050823,
		"return_date_key" : 20050830,
		"payment_date_key" : 20050823,
		"amount" : 0.99
	},
	{
		"fact_order_key" : 756,
		"rental_key" : 3845,
		"store_key" : 2,
		"film_key" : 981,
		"customer_key" : 28,
		"staff_key" : 2,
		"rental_date_key" : 20050823,
		"return_date_key" : 20050830,
		"payment_date_key" : 20050823,
		"amount" : 0.99
	},
	{
		"fact_order_key" : 757,
		"rental_key" : 4704,
		"store_key" : 2,
		"film_key" : 496,
		"customer_key" : 28,
		"staff_key" : 1,
		"rental_date_key" : 20050823,
		"return_date_key" : 20050830,
		"payment_date_key" : 20050823,
		"amount" : 0.99
	},
	{
		"fact_order_key" : 758,
		"rental_key" : 4951,
		"store_key" : 1,
		"film_key" : 608,
		"customer_key" : 28,
		"staff_key" : 1,
		"rental_date_key" : 20050823,
		"return_date_key" : 20050830,
		"payment_date_key" : 20050823,
		"amount" : 4.99
	},
	{
		"fact_order_key" : 759,
		"rental_key" : 5653,
		"store_key" : 1,
		"film_key" : 204,
		"customer_key" : 28,
		"staff_key" : 1,
		"rental_date_key" : 20050823,
		"return_date_key" : 20050830,
		"payment_date_key" : 20050823,
		"amount" : 2.99
	},
	{
		"fact_order_key" : 760,
		"rental_key" : 5817,
		"store_key" : 2,
		"film_key" : 656,
		"customer_key" : 28,
		"staff_key" : 2,
		"rental_date_key" : 20050823,
		"return_date_key" : 20050830,
		"payment_date_key" : 20050823,
		"amount" : 5.99
	},
	{
		"fact_order_key" : 761,
		"rental_key" : 6032,
		"store_key" : 2,
		"film_key" : 830,
		"customer_key" : 28,
		"staff_key" : 2,
		"rental_date_key" : 20050823,
		"return_date_key" : 20050830,
		"payment_date_key" : 20050823,
		"amount" : 0.99
	},
	{
		"fact_order_key" : 762,
		"rental_key" : 6476,
		"store_key" : 2,
		"film_key" : 218,
		"customer_key" : 28,
		"staff_key" : 2,
		"rental_date_key" : 20050823,
		"return_date_key" : 20050830,
		"payment_date_key" : 20050823,
		"amount" : 0.99
	},
	{
		"fact_order_key" : 763,
		"rental_key" : 7580,
		"store_key" : 2,
		"film_key" : 74,
		"customer_key" : 28,
		"staff_key" : 1,
		"rental_date_key" : 20050823,
		"return_date_key" : 20050830,
		"payment_date_key" : 20050823,
		"amount" : 9.99
	},
	{
		"fact_order_key" : 764,
		"rental_key" : 8464,
		"store_key" : 1,
		"film_key" : 510,
		"customer_key" : 28,
		"staff_key" : 2,
		"rental_date_key" : 20050823,
		"return_date_key" : 20050830,
		"payment_date_key" : 20050823,
		"amount" : 4.99
	},
	{
		"fact_order_key" : 765,
		"rental_key" : 8901,
		"store_key" : 2,
		"film_key" : 960,
		"customer_key" : 28,
		"staff_key" : 1,
		"rental_date_key" : 20050823,
		"return_date_key" : 20050830,
		"payment_date_key" : 20050823,
		"amount" : 2.99
	},
	{
		"fact_order_key" : 766,
		"rental_key" : 9544,
		"store_key" : 1,
		"film_key" : 520,
		"customer_key" : 28,
		"staff_key" : 2,
		"rental_date_key" : 20050823,
		"return_date_key" : 20050830,
		"payment_date_key" : 20050823,
		"amount" : 2.99
	},
	{
		"fact_order_key" : 767,
		"rental_key" : 9593,
		"store_key" : 1,
		"film_key" : 271,
		"customer_key" : 28,
		"staff_key" : 1,
		"rental_date_key" : 20050823,
		"return_date_key" : 20050830,
		"payment_date_key" : 20050823,
		"amount" : 4.99
	},
	{
		"fact_order_key" : 768,
		"rental_key" : 9705,
		"store_key" : 2,
		"film_key" : 902,
		"customer_key" : 28,
		"staff_key" : 2,
		"rental_date_key" : 20050823,
		"return_date_key" : 20050830,
		"payment_date_key" : 20050823,
		"amount" : 4.99
	},
	{
		"fact_order_key" : 769,
		"rental_key" : 10116,
		"store_key" : 1,
		"film_key" : 162,
		"customer_key" : 28,
		"staff_key" : 2,
		"rental_date_key" : 20050823,
		"return_date_key" : 20050830,
		"payment_date_key" : 20050823,
		"amount" : 2.99
	},
	{
		"fact_order_key" : 770,
		"rental_key" : 10294,
		"store_key" : 2,
		"film_key" : 116,
		"customer_key" : 28,
		"staff_key" : 2,
		"rental_date_key" : 20050823,
		"return_date_key" : 20050830,
		"payment_date_key" : 20050823,
		"amount" : 6.99
	},
	{
		"fact_order_key" : 771,
		"rental_key" : 11444,
		"store_key" : 1,
		"film_key" : 311,
		"customer_key" : 28,
		"staff_key" : 2,
		"rental_date_key" : 20050823,
		"return_date_key" : 20050830,
		"payment_date_key" : 20050823,
		"amount" : 2.99
	},
	{
		"fact_order_key" : 772,
		"rental_key" : 11856,
		"store_key" : 1,
		"film_key" : 69,
		"customer_key" : 28,
		"staff_key" : 1,
		"rental_date_key" : 20050823,
		"return_date_key" : 20050830,
		"payment_date_key" : 20050823,
		"amount" : 3.99
	},
	{
		"fact_order_key" : 773,
		"rental_key" : 12190,
		"store_key" : 2,
		"film_key" : 538,
		"customer_key" : 28,
		"staff_key" : 1,
		"rental_date_key" : 20050823,
		"return_date_key" : 20050830,
		"payment_date_key" : 20050823,
		"amount" : 2.99
	},
	{
		"fact_order_key" : 774,
		"rental_key" : 12359,
		"store_key" : 1,
		"film_key" : 907,
		"customer_key" : 28,
		"staff_key" : 1,
		"rental_date_key" : 20050823,
		"return_date_key" : 20050830,
		"payment_date_key" : 20050823,
		"amount" : 0.99
	},
	{
		"fact_order_key" : 775,
		"rental_key" : 12708,
		"store_key" : 2,
		"film_key" : 756,
		"customer_key" : 28,
		"staff_key" : 1,
		"rental_date_key" : 20050823,
		"return_date_key" : 20050830,
		"payment_date_key" : 20050823,
		"amount" : 2.99
	},
	{
		"fact_order_key" : 776,
		"rental_key" : 13783,
		"store_key" : 2,
		"film_key" : 579,
		"customer_key" : 28,
		"staff_key" : 2,
		"rental_date_key" : 20050823,
		"return_date_key" : 20050830,
		"payment_date_key" : 20050823,
		"amount" : 4.99
	},
	{
		"fact_order_key" : 777,
		"rental_key" : 14540,
		"store_key" : 2,
		"film_key" : 514,
		"customer_key" : 28,
		"staff_key" : 2,
		"rental_date_key" : 20050823,
		"return_date_key" : 20050830,
		"payment_date_key" : 20050823,
		"amount" : 2.99
	},
	{
		"fact_order_key" : 778,
		"rental_key" : 15445,
		"store_key" : 1,
		"film_key" : 44,
		"customer_key" : 28,
		"staff_key" : 1,
		"rental_date_key" : 20050823,
		"return_date_key" : 20050830,
		"payment_date_key" : 20050823,
		"amount" : 4.99
	},
	{
		"fact_order_key" : 779,
		"rental_key" : 15491,
		"store_key" : 1,
		"film_key" : 447,
		"customer_key" : 28,
		"staff_key" : 2,
		"rental_date_key" : 20050823,
		"return_date_key" : 20050830,
		"payment_date_key" : 20050823,
		"amount" : 2.99
	},
	{
		"fact_order_key" : 780,
		"rental_key" : 12938,
		"store_key" : 1,
		"film_key" : 869,
		"customer_key" : 28,
		"staff_key" : 1,
		"rental_date_key" : 20050823,
		"return_date_key" : 20050830,
		"payment_date_key" : 20050823,
		"amount" : 2.99
	},
	{
		"fact_order_key" : 781,
		"rental_key" : 194,
		"store_key" : 1,
		"film_key" : 295,
		"customer_key" : 29,
		"staff_key" : 2,
		"rental_date_key" : 20050823,
		"return_date_key" : 20050830,
		"payment_date_key" : 20050823,
		"amount" : 1.99
	},
	{
		"fact_order_key" : 782,
		"rental_key" : 2655,
		"store_key" : 1,
		"film_key" : 360,
		"customer_key" : 29,
		"staff_key" : 1,
		"rental_date_key" : 20050823,
		"return_date_key" : 20050830,
		"payment_date_key" : 20050823,
		"amount" : 0.99
	},
	{
		"fact_order_key" : 783,
		"rental_key" : 2673,
		"store_key" : 1,
		"film_key" : 545,
		"customer_key" : 29,
		"staff_key" : 1,
		"rental_date_key" : 20050823,
		"return_date_key" : 20050830,
		"payment_date_key" : 20050823,
		"amount" : 0.99
	},
	{
		"fact_order_key" : 784,
		"rental_key" : 2701,
		"store_key" : 2,
		"film_key" : 354,
		"customer_key" : 29,
		"staff_key" : 2,
		"rental_date_key" : 20050823,
		"return_date_key" : 20050830,
		"payment_date_key" : 20050823,
		"amount" : 7.99
	},
	{
		"fact_order_key" : 785,
		"rental_key" : 2735,
		"store_key" : 1,
		"film_key" : 993,
		"customer_key" : 29,
		"staff_key" : 1,
		"rental_date_key" : 20050823,
		"return_date_key" : 20050830,
		"payment_date_key" : 20050823,
		"amount" : 2.99
	},
	{
		"fact_order_key" : 786,
		"rental_key" : 2801,
		"store_key" : 2,
		"film_key" : 999,
		"customer_key" : 29,
		"staff_key" : 2,
		"rental_date_key" : 20050823,
		"return_date_key" : 20050830,
		"payment_date_key" : 20050823,
		"amount" : 2.99
	},
	{
		"fact_order_key" : 787,
		"rental_key" : 2923,
		"store_key" : 1,
		"film_key" : 22,
		"customer_key" : 29,
		"staff_key" : 1,
		"rental_date_key" : 20050823,
		"return_date_key" : 20050830,
		"payment_date_key" : 20050823,
		"amount" : 2.99
	},
	{
		"fact_order_key" : 788,
		"rental_key" : 3324,
		"store_key" : 1,
		"film_key" : 621,
		"customer_key" : 29,
		"staff_key" : 1,
		"rental_date_key" : 20050823,
		"return_date_key" : 20050830,
		"payment_date_key" : 20050823,
		"amount" : 2.99
	},
	{
		"fact_order_key" : 789,
		"rental_key" : 4262,
		"store_key" : 1,
		"film_key" : 686,
		"customer_key" : 29,
		"staff_key" : 1,
		"rental_date_key" : 20050823,
		"return_date_key" : 20050830,
		"payment_date_key" : 20050823,
		"amount" : 6.99
	},
	{
		"fact_order_key" : 790,
		"rental_key" : 4313,
		"store_key" : 2,
		"film_key" : 18,
		"customer_key" : 29,
		"staff_key" : 1,
		"rental_date_key" : 20050823,
		"return_date_key" : 20050830,
		"payment_date_key" : 20050823,
		"amount" : 0.99
	},
	{
		"fact_order_key" : 791,
		"rental_key" : 4535,
		"store_key" : 1,
		"film_key" : 122,
		"customer_key" : 29,
		"staff_key" : 2,
		"rental_date_key" : 20050823,
		"return_date_key" : 20050830,
		"payment_date_key" : 20050823,
		"amount" : 0.99
	},
	{
		"fact_order_key" : 792,
		"rental_key" : 5442,
		"store_key" : 1,
		"film_key" : 680,
		"customer_key" : 29,
		"staff_key" : 2,
		"rental_date_key" : 20050823,
		"return_date_key" : 20050830,
		"payment_date_key" : 20050823,
		"amount" : 10.99
	},
	{
		"fact_order_key" : 793,
		"rental_key" : 5857,
		"store_key" : 2,
		"film_key" : 280,
		"customer_key" : 29,
		"staff_key" : 1,
		"rental_date_key" : 20050823,
		"return_date_key" : 20050830,
		"payment_date_key" : 20050823,
		"amount" : 1.99
	},
	{
		"fact_order_key" : 794,
		"rental_key" : 7237,
		"store_key" : 2,
		"film_key" : 414,
		"customer_key" : 29,
		"staff_key" : 2,
		"rental_date_key" : 20050823,
		"return_date_key" : 20050830,
		"payment_date_key" : 20050823,
		"amount" : 3.99
	},
	{
		"fact_order_key" : 795,
		"rental_key" : 7451,
		"store_key" : 2,
		"film_key" : 519,
		"customer_key" : 29,
		"staff_key" : 2,
		"rental_date_key" : 20050823,
		"return_date_key" : 20050830,
		"payment_date_key" : 20050823,
		"amount" : 6.99
	},
	{
		"fact_order_key" : 796,
		"rental_key" : 7453,
		"store_key" : 2,
		"film_key" : 656,
		"customer_key" : 29,
		"staff_key" : 1,
		"rental_date_key" : 20050823,
		"return_date_key" : 20050830,
		"payment_date_key" : 20050823,
		"amount" : 0.99
	},
	{
		"fact_order_key" : 797,
		"rental_key" : 8673,
		"store_key" : 1,
		"film_key" : 468,
		"customer_key" : 29,
		"staff_key" : 1,
		"rental_date_key" : 20050823,
		"return_date_key" : 20050830,
		"payment_date_key" : 20050823,
		"amount" : 2.99
	},
	{
		"fact_order_key" : 798,
		"rental_key" : 9392,
		"store_key" : 2,
		"film_key" : 614,
		"customer_key" : 29,
		"staff_key" : 2,
		"rental_date_key" : 20050823,
		"return_date_key" : 20050830,
		"payment_date_key" : 20050823,
		"amount" : 4.99
	},
	{
		"fact_order_key" : 799,
		"rental_key" : 9946,
		"store_key" : 1,
		"film_key" : 456,
		"customer_key" : 29,
		"staff_key" : 2,
		"rental_date_key" : 20050823,
		"return_date_key" : 20050830,
		"payment_date_key" : 20050823,
		"amount" : 4.99
	},
	{
		"fact_order_key" : 800,
		"rental_key" : 10543,
		"store_key" : 2,
		"film_key" : 135,
		"customer_key" : 29,
		"staff_key" : 1,
		"rental_date_key" : 20050823,
		"return_date_key" : 20050830,
		"payment_date_key" : 20050823,
		"amount" : 5.99
	},
	{
		"fact_order_key" : 801,
		"rental_key" : 10899,
		"store_key" : 2,
		"film_key" : 189,
		"customer_key" : 29,
		"staff_key" : 2,
		"rental_date_key" : 20050823,
		"return_date_key" : 20050830,
		"payment_date_key" : 20050823,
		"amount" : 1.99
	},
	{
		"fact_order_key" : 802,
		"rental_key" : 11079,
		"store_key" : 2,
		"film_key" : 698,
		"customer_key" : 29,
		"staff_key" : 2,
		"rental_date_key" : 20050823,
		"return_date_key" : 20050830,
		"payment_date_key" : 20050823,
		"amount" : 4.99
	},
	{
		"fact_order_key" : 803,
		"rental_key" : 11962,
		"store_key" : 1,
		"film_key" : 958,
		"customer_key" : 29,
		"staff_key" : 2,
		"rental_date_key" : 20050823,
		"return_date_key" : 20050830,
		"payment_date_key" : 20050823,
		"amount" : 2.99
	},
	{
		"fact_order_key" : 804,
		"rental_key" : 12488,
		"store_key" : 2,
		"film_key" : 731,
		"customer_key" : 29,
		"staff_key" : 1,
		"rental_date_key" : 20050823,
		"return_date_key" : 20050830,
		"payment_date_key" : 20050823,
		"amount" : 4.99
	},
	{
		"fact_order_key" : 805,
		"rental_key" : 12508,
		"store_key" : 2,
		"film_key" : 235,
		"customer_key" : 29,
		"staff_key" : 1,
		"rental_date_key" : 20050823,
		"return_date_key" : 20050830,
		"payment_date_key" : 20050823,
		"amount" : 2.99
	},
	{
		"fact_order_key" : 806,
		"rental_key" : 12569,
		"store_key" : 2,
		"film_key" : 226,
		"customer_key" : 29,
		"staff_key" : 2,
		"rental_date_key" : 20050823,
		"return_date_key" : 20050830,
		"payment_date_key" : 20050823,
		"amount" : 6.99
	},
	{
		"fact_order_key" : 807,
		"rental_key" : 12615,
		"store_key" : 2,
		"film_key" : 473,
		"customer_key" : 29,
		"staff_key" : 1,
		"rental_date_key" : 20050823,
		"return_date_key" : 20050830,
		"payment_date_key" : 20050823,
		"amount" : 6.99
	},
	{
		"fact_order_key" : 808,
		"rental_key" : 13173,
		"store_key" : 1,
		"film_key" : 288,
		"customer_key" : 29,
		"staff_key" : 2,
		"rental_date_key" : 20050823,
		"return_date_key" : 20050830,
		"payment_date_key" : 20050823,
		"amount" : 2.99
	},
	{
		"fact_order_key" : 809,
		"rental_key" : 13436,
		"store_key" : 1,
		"film_key" : 549,
		"customer_key" : 29,
		"staff_key" : 1,
		"rental_date_key" : 20050823,
		"return_date_key" : 20050830,
		"payment_date_key" : 20050823,
		"amount" : 0.99
	},
	{
		"fact_order_key" : 810,
		"rental_key" : 13777,
		"store_key" : 2,
		"film_key" : 784,
		"customer_key" : 29,
		"staff_key" : 1,
		"rental_date_key" : 20050823,
		"return_date_key" : 20050830,
		"payment_date_key" : 20050823,
		"amount" : 2.99
	},
	{
		"fact_order_key" : 811,
		"rental_key" : 13832,
		"store_key" : 2,
		"film_key" : 726,
		"customer_key" : 29,
		"staff_key" : 1,
		"rental_date_key" : 20050823,
		"return_date_key" : 20050830,
		"payment_date_key" : 20050823,
		"amount" : 3.99
	},
	{
		"fact_order_key" : 812,
		"rental_key" : 14174,
		"store_key" : 2,
		"film_key" : 406,
		"customer_key" : 29,
		"staff_key" : 2,
		"rental_date_key" : 20050823,
		"return_date_key" : 20050830,
		"payment_date_key" : 20050823,
		"amount" : 0.99
	},
	{
		"fact_order_key" : 813,
		"rental_key" : 14703,
		"store_key" : 1,
		"film_key" : 944,
		"customer_key" : 29,
		"staff_key" : 2,
		"rental_date_key" : 20050823,
		"return_date_key" : 20050830,
		"payment_date_key" : 20050823,
		"amount" : 4.99
	},
	{
		"fact_order_key" : 814,
		"rental_key" : 14985,
		"store_key" : 1,
		"film_key" : 439,
		"customer_key" : 29,
		"staff_key" : 1,
		"rental_date_key" : 20050823,
		"return_date_key" : 20050830,
		"payment_date_key" : 20050823,
		"amount" : 7.99
	},
	{
		"fact_order_key" : 815,
		"rental_key" : 14997,
		"store_key" : 2,
		"film_key" : 597,
		"customer_key" : 29,
		"staff_key" : 2,
		"rental_date_key" : 20050823,
		"return_date_key" : 20050830,
		"payment_date_key" : 20050823,
		"amount" : 5.99
	},
	{
		"fact_order_key" : 816,
		"rental_key" : 15577,
		"store_key" : 1,
		"film_key" : 118,
		"customer_key" : 29,
		"staff_key" : 2,
		"rental_date_key" : 20050823,
		"return_date_key" : 20050830,
		"payment_date_key" : 20050823,
		"amount" : 0.99
	},
	{
		"fact_order_key" : 817,
		"rental_key" : 1874,
		"store_key" : 1,
		"film_key" : 849,
		"customer_key" : 30,
		"staff_key" : 2,
		"rental_date_key" : 20050823,
		"return_date_key" : 20050830,
		"payment_date_key" : 20050823,
		"amount" : 1.99
	},
	{
		"fact_order_key" : 818,
		"rental_key" : 1895,
		"store_key" : 1,
		"film_key" : 149,
		"customer_key" : 30,
		"staff_key" : 1,
		"rental_date_key" : 20050823,
		"return_date_key" : 20050830,
		"payment_date_key" : 20050823,
		"amount" : 2.99
	},
	{
		"fact_order_key" : 819,
		"rental_key" : 2154,
		"store_key" : 2,
		"film_key" : 361,
		"customer_key" : 30,
		"staff_key" : 1,
		"rental_date_key" : 20050823,
		"return_date_key" : 20050830,
		"payment_date_key" : 20050823,
		"amount" : 4.99
	},
	{
		"fact_order_key" : 820,
		"rental_key" : 2730,
		"store_key" : 2,
		"film_key" : 280,
		"customer_key" : 30,
		"staff_key" : 1,
		"rental_date_key" : 20050823,
		"return_date_key" : 20050830,
		"payment_date_key" : 20050823,
		"amount" : 2.99
	},
	{
		"fact_order_key" : 821,
		"rental_key" : 3964,
		"store_key" : 2,
		"film_key" : 403,
		"customer_key" : 30,
		"staff_key" : 1,
		"rental_date_key" : 20050823,
		"return_date_key" : 20050830,
		"payment_date_key" : 20050823,
		"amount" : 4.99
	},
	{
		"fact_order_key" : 822,
		"rental_key" : 4471,
		"store_key" : 2,
		"film_key" : 58,
		"customer_key" : 30,
		"staff_key" : 2,
		"rental_date_key" : 20050823,
		"return_date_key" : 20050830,
		"payment_date_key" : 20050823,
		"amount" : 2.99
	},
	{
		"fact_order_key" : 823,
		"rental_key" : 4642,
		"store_key" : 1,
		"film_key" : 428,
		"customer_key" : 30,
		"staff_key" : 2,
		"rental_date_key" : 20050823,
		"return_date_key" : 20050830,
		"payment_date_key" : 20050823,
		"amount" : 2.99
	},
	{
		"fact_order_key" : 824,
		"rental_key" : 5028,
		"store_key" : 1,
		"film_key" : 989,
		"customer_key" : 30,
		"staff_key" : 2,
		"rental_date_key" : 20050823,
		"return_date_key" : 20050830,
		"payment_date_key" : 20050823,
		"amount" : 5.99
	},
	{
		"fact_order_key" : 825,
		"rental_key" : 5108,
		"store_key" : 1,
		"film_key" : 919,
		"customer_key" : 30,
		"staff_key" : 1,
		"rental_date_key" : 20050823,
		"return_date_key" : 20050830,
		"payment_date_key" : 20050823,
		"amount" : 9.99
	},
	{
		"fact_order_key" : 826,
		"rental_key" : 5289,
		"store_key" : 1,
		"film_key" : 945,
		"customer_key" : 30,
		"staff_key" : 2,
		"rental_date_key" : 20050823,
		"return_date_key" : 20050830,
		"payment_date_key" : 20050823,
		"amount" : 0.99
	},
	{
		"fact_order_key" : 827,
		"rental_key" : 5972,
		"store_key" : 1,
		"film_key" : 1000,
		"customer_key" : 30,
		"staff_key" : 1,
		"rental_date_key" : 20050823,
		"return_date_key" : 20050830,
		"payment_date_key" : 20050823,
		"amount" : 7.99
	},
	{
		"fact_order_key" : 828,
		"rental_key" : 6249,
		"store_key" : 1,
		"film_key" : 945,
		"customer_key" : 30,
		"staff_key" : 2,
		"rental_date_key" : 20050823,
		"return_date_key" : 20050830,
		"payment_date_key" : 20050823,
		"amount" : 0.99
	},
	{
		"fact_order_key" : 829,
		"rental_key" : 6359,
		"store_key" : 2,
		"film_key" : 361,
		"customer_key" : 30,
		"staff_key" : 2,
		"rental_date_key" : 20050823,
		"return_date_key" : 20050830,
		"payment_date_key" : 20050823,
		"amount" : 2.99
	},
	{
		"fact_order_key" : 830,
		"rental_key" : 7394,
		"store_key" : 2,
		"film_key" : 524,
		"customer_key" : 30,
		"staff_key" : 2,
		"rental_date_key" : 20050823,
		"return_date_key" : 20050830,
		"payment_date_key" : 20050823,
		"amount" : 2.99
	},
	{
		"fact_order_key" : 831,
		"rental_key" : 7769,
		"store_key" : 2,
		"film_key" : 715,
		"customer_key" : 30,
		"staff_key" : 1,
		"rental_date_key" : 20050823,
		"return_date_key" : 20050830,
		"payment_date_key" : 20050823,
		"amount" : 4.99
	},
	{
		"fact_order_key" : 832,
		"rental_key" : 8030,
		"store_key" : 1,
		"film_key" : 578,
		"customer_key" : 30,
		"staff_key" : 1,
		"rental_date_key" : 20050823,
		"return_date_key" : 20050830,
		"payment_date_key" : 20050823,
		"amount" : 4.99
	},
	{
		"fact_order_key" : 833,
		"rental_key" : 8038,
		"store_key" : 2,
		"film_key" : 271,
		"customer_key" : 30,
		"staff_key" : 1,
		"rental_date_key" : 20050823,
		"return_date_key" : 20050830,
		"payment_date_key" : 20050823,
		"amount" : 4.99
	},
	{
		"fact_order_key" : 834,
		"rental_key" : 8083,
		"store_key" : 1,
		"film_key" : 473,
		"customer_key" : 30,
		"staff_key" : 2,
		"rental_date_key" : 20050823,
		"return_date_key" : 20050830,
		"payment_date_key" : 20050823,
		"amount" : 4.99
	},
	{
		"fact_order_key" : 835,
		"rental_key" : 8641,
		"store_key" : 2,
		"film_key" : 702,
		"customer_key" : 30,
		"staff_key" : 2,
		"rental_date_key" : 20050823,
		"return_date_key" : 20050830,
		"payment_date_key" : 20050823,
		"amount" : 2.99
	},
	{
		"fact_order_key" : 836,
		"rental_key" : 9309,
		"store_key" : 1,
		"film_key" : 790,
		"customer_key" : 30,
		"staff_key" : 1,
		"rental_date_key" : 20050823,
		"return_date_key" : 20050830,
		"payment_date_key" : 20050823,
		"amount" : 2.99
	},
	{
		"fact_order_key" : 837,
		"rental_key" : 9551,
		"store_key" : 1,
		"film_key" : 280,
		"customer_key" : 30,
		"staff_key" : 2,
		"rental_date_key" : 20050823,
		"return_date_key" : 20050830,
		"payment_date_key" : 20050823,
		"amount" : 0.99
	},
	{
		"fact_order_key" : 838,
		"rental_key" : 9641,
		"store_key" : 1,
		"film_key" : 242,
		"customer_key" : 30,
		"staff_key" : 1,
		"rental_date_key" : 20050823,
		"return_date_key" : 20050830,
		"payment_date_key" : 20050823,
		"amount" : 0.99
	},
	{
		"fact_order_key" : 839,
		"rental_key" : 9998,
		"store_key" : 1,
		"film_key" : 559,
		"customer_key" : 30,
		"staff_key" : 1,
		"rental_date_key" : 20050823,
		"return_date_key" : 20050830,
		"payment_date_key" : 20050823,
		"amount" : 2.99
	},
	{
		"fact_order_key" : 840,
		"rental_key" : 10235,
		"store_key" : 1,
		"film_key" : 625,
		"customer_key" : 30,
		"staff_key" : 2,
		"rental_date_key" : 20050823,
		"return_date_key" : 20050830,
		"payment_date_key" : 20050823,
		"amount" : 6.99
	},
	{
		"fact_order_key" : 841,
		"rental_key" : 12240,
		"store_key" : 2,
		"film_key" : 258,
		"customer_key" : 30,
		"staff_key" : 2,
		"rental_date_key" : 20050823,
		"return_date_key" : 20050830,
		"payment_date_key" : 20050823,
		"amount" : 2.99
	},
	{
		"fact_order_key" : 842,
		"rental_key" : 12546,
		"store_key" : 2,
		"film_key" : 132,
		"customer_key" : 30,
		"staff_key" : 1,
		"rental_date_key" : 20050823,
		"return_date_key" : 20050830,
		"payment_date_key" : 20050823,
		"amount" : 2.99
	},
	{
		"fact_order_key" : 843,
		"rental_key" : 12758,
		"store_key" : 2,
		"film_key" : 493,
		"customer_key" : 30,
		"staff_key" : 1,
		"rental_date_key" : 20050823,
		"return_date_key" : 20050830,
		"payment_date_key" : 20050823,
		"amount" : 0.99
	},
	{
		"fact_order_key" : 844,
		"rental_key" : 13435,
		"store_key" : 2,
		"film_key" : 855,
		"customer_key" : 30,
		"staff_key" : 2,
		"rental_date_key" : 20050823,
		"return_date_key" : 20050830,
		"payment_date_key" : 20050823,
		"amount" : 0.99
	},
	{
		"fact_order_key" : 845,
		"rental_key" : 13682,
		"store_key" : 2,
		"film_key" : 65,
		"customer_key" : 30,
		"staff_key" : 2,
		"rental_date_key" : 20050823,
		"return_date_key" : 20050830,
		"payment_date_key" : 20050823,
		"amount" : 4.99
	},
	{
		"fact_order_key" : 846,
		"rental_key" : 14339,
		"store_key" : 2,
		"film_key" : 379,
		"customer_key" : 30,
		"staff_key" : 2,
		"rental_date_key" : 20050823,
		"return_date_key" : 20050830,
		"payment_date_key" : 20050823,
		"amount" : 0.99
	},
	{
		"fact_order_key" : 847,
		"rental_key" : 14585,
		"store_key" : 1,
		"film_key" : 17,
		"customer_key" : 30,
		"staff_key" : 1,
		"rental_date_key" : 20050823,
		"return_date_key" : 20050830,
		"payment_date_key" : 20050823,
		"amount" : 2.99
	},
	{
		"fact_order_key" : 848,
		"rental_key" : 15063,
		"store_key" : 2,
		"film_key" : 256,
		"customer_key" : 30,
		"staff_key" : 2,
		"rental_date_key" : 20050823,
		"return_date_key" : 20050830,
		"payment_date_key" : 20050823,
		"amount" : 4.99
	},
	{
		"fact_order_key" : 849,
		"rental_key" : 15544,
		"store_key" : 1,
		"film_key" : 417,
		"customer_key" : 30,
		"staff_key" : 2,
		"rental_date_key" : 20050823,
		"return_date_key" : 20050830,
		"payment_date_key" : 20050823,
		"amount" : 4.99
	},
	{
		"fact_order_key" : 850,
		"rental_key" : 15829,
		"store_key" : 2,
		"film_key" : 958,
		"customer_key" : 30,
		"staff_key" : 1,
		"rental_date_key" : 20050823,
		"return_date_key" : 20050830,
		"payment_date_key" : 20050823,
		"amount" : 2.99
	},
	{
		"fact_order_key" : 851,
		"rental_key" : 1656,
		"store_key" : 2,
		"film_key" : 487,
		"customer_key" : 31,
		"staff_key" : 1,
		"rental_date_key" : 20050823,
		"return_date_key" : 20050830,
		"payment_date_key" : 20050823,
		"amount" : 4.99
	},
	{
		"fact_order_key" : 852,
		"rental_key" : 1838,
		"store_key" : 1,
		"film_key" : 114,
		"customer_key" : 31,
		"staff_key" : 1,
		"rental_date_key" : 20050823,
		"return_date_key" : 20050830,
		"payment_date_key" : 20050823,
		"amount" : 1.99
	},
	{
		"fact_order_key" : 853,
		"rental_key" : 2233,
		"store_key" : 1,
		"film_key" : 673,
		"customer_key" : 31,
		"staff_key" : 2,
		"rental_date_key" : 20050823,
		"return_date_key" : 20050830,
		"payment_date_key" : 20050823,
		"amount" : 0.99
	},
	{
		"fact_order_key" : 854,
		"rental_key" : 2341,
		"store_key" : 1,
		"film_key" : 139,
		"customer_key" : 31,
		"staff_key" : 2,
		"rental_date_key" : 20050823,
		"return_date_key" : 20050830,
		"payment_date_key" : 20050823,
		"amount" : 6.99
	},
	{
		"fact_order_key" : 855,
		"rental_key" : 2396,
		"store_key" : 1,
		"film_key" : 433,
		"customer_key" : 31,
		"staff_key" : 2,
		"rental_date_key" : 20050823,
		"return_date_key" : 20050830,
		"payment_date_key" : 20050823,
		"amount" : 7.99
	},
	{
		"fact_order_key" : 856,
		"rental_key" : 2438,
		"store_key" : 2,
		"film_key" : 40,
		"customer_key" : 31,
		"staff_key" : 1,
		"rental_date_key" : 20050823,
		"return_date_key" : 20050830,
		"payment_date_key" : 20050823,
		"amount" : 0.99
	},
	{
		"fact_order_key" : 857,
		"rental_key" : 2530,
		"store_key" : 1,
		"film_key" : 906,
		"customer_key" : 31,
		"staff_key" : 1,
		"rental_date_key" : 20050823,
		"return_date_key" : 20050830,
		"payment_date_key" : 20050823,
		"amount" : 0.99
	},
	{
		"fact_order_key" : 858,
		"rental_key" : 2648,
		"store_key" : 1,
		"film_key" : 354,
		"customer_key" : 31,
		"staff_key" : 2,
		"rental_date_key" : 20050823,
		"return_date_key" : 20050830,
		"payment_date_key" : 20050823,
		"amount" : 4.99
	},
	{
		"fact_order_key" : 859,
		"rental_key" : 3117,
		"store_key" : 2,
		"film_key" : 471,
		"customer_key" : 31,
		"staff_key" : 1,
		"rental_date_key" : 20050823,
		"return_date_key" : 20050830,
		"payment_date_key" : 20050823,
		"amount" : 2.99
	},
	{
		"fact_order_key" : 860,
		"rental_key" : 3172,
		"store_key" : 1,
		"film_key" : 382,
		"customer_key" : 31,
		"staff_key" : 2,
		"rental_date_key" : 20050823,
		"return_date_key" : 20050830,
		"payment_date_key" : 20050823,
		"amount" : 1.99
	},
	{
		"fact_order_key" : 861,
		"rental_key" : 3205,
		"store_key" : 1,
		"film_key" : 650,
		"customer_key" : 31,
		"staff_key" : 1,
		"rental_date_key" : 20050823,
		"return_date_key" : 20050830,
		"payment_date_key" : 20050823,
		"amount" : 0.99
	},
	{
		"fact_order_key" : 862,
		"rental_key" : 3701,
		"store_key" : 1,
		"film_key" : 805,
		"customer_key" : 31,
		"staff_key" : 1,
		"rental_date_key" : 20050823,
		"return_date_key" : 20050830,
		"payment_date_key" : 20050823,
		"amount" : 4.99
	},
	{
		"fact_order_key" : 863,
		"rental_key" : 3967,
		"store_key" : 2,
		"film_key" : 551,
		"customer_key" : 31,
		"staff_key" : 2,
		"rental_date_key" : 20050823,
		"return_date_key" : 20050830,
		"payment_date_key" : 20050823,
		"amount" : 4.99
	},
	{
		"fact_order_key" : 864,
		"rental_key" : 4122,
		"store_key" : 1,
		"film_key" : 61,
		"customer_key" : 31,
		"staff_key" : 1,
		"rental_date_key" : 20050823,
		"return_date_key" : 20050830,
		"payment_date_key" : 20050823,
		"amount" : 6.99
	},
	{
		"fact_order_key" : 865,
		"rental_key" : 4738,
		"store_key" : 2,
		"film_key" : 439,
		"customer_key" : 31,
		"staff_key" : 2,
		"rental_date_key" : 20050823,
		"return_date_key" : 20050830,
		"payment_date_key" : 20050823,
		"amount" : 9.99
	},
	{
		"fact_order_key" : 866,
		"rental_key" : 6208,
		"store_key" : 1,
		"film_key" : 147,
		"customer_key" : 31,
		"staff_key" : 1,
		"rental_date_key" : 20050823,
		"return_date_key" : 20050830,
		"payment_date_key" : 20050823,
		"amount" : 3.99
	},
	{
		"fact_order_key" : 867,
		"rental_key" : 6580,
		"store_key" : 2,
		"film_key" : 338,
		"customer_key" : 31,
		"staff_key" : 1,
		"rental_date_key" : 20050823,
		"return_date_key" : 20050830,
		"payment_date_key" : 20050823,
		"amount" : 4.99
	},
	{
		"fact_order_key" : 868,
		"rental_key" : 7000,
		"store_key" : 1,
		"film_key" : 440,
		"customer_key" : 31,
		"staff_key" : 2,
		"rental_date_key" : 20050823,
		"return_date_key" : 20050830,
		"payment_date_key" : 20050823,
		"amount" : 1.99
	},
	{
		"fact_order_key" : 869,
		"rental_key" : 7138,
		"store_key" : 1,
		"film_key" : 311,
		"customer_key" : 31,
		"staff_key" : 2,
		"rental_date_key" : 20050823,
		"return_date_key" : 20050830,
		"payment_date_key" : 20050823,
		"amount" : 3.99
	},
	{
		"fact_order_key" : 870,
		"rental_key" : 7178,
		"store_key" : 1,
		"film_key" : 414,
		"customer_key" : 31,
		"staff_key" : 2,
		"rental_date_key" : 20050823,
		"return_date_key" : 20050830,
		"payment_date_key" : 20050823,
		"amount" : 2.99
	},
	{
		"fact_order_key" : 871,
		"rental_key" : 7464,
		"store_key" : 1,
		"film_key" : 185,
		"customer_key" : 31,
		"staff_key" : 2,
		"rental_date_key" : 20050823,
		"return_date_key" : 20050830,
		"payment_date_key" : 20050823,
		"amount" : 2.99
	},
	{
		"fact_order_key" : 872,
		"rental_key" : 8997,
		"store_key" : 2,
		"film_key" : 186,
		"customer_key" : 31,
		"staff_key" : 1,
		"rental_date_key" : 20050823,
		"return_date_key" : 20050830,
		"payment_date_key" : 20050823,
		"amount" : 0.99
	},
	{
		"fact_order_key" : 873,
		"rental_key" : 12085,
		"store_key" : 1,
		"film_key" : 131,
		"customer_key" : 31,
		"staff_key" : 1,
		"rental_date_key" : 20050823,
		"return_date_key" : 20050830,
		"payment_date_key" : 20050823,
		"amount" : 4.99
	},
	{
		"fact_order_key" : 874,
		"rental_key" : 12377,
		"store_key" : 1,
		"film_key" : 996,
		"customer_key" : 31,
		"staff_key" : 2,
		"rental_date_key" : 20050823,
		"return_date_key" : 20050830,
		"payment_date_key" : 20050823,
		"amount" : 0.99
	},
	{
		"fact_order_key" : 875,
		"rental_key" : 15682,
		"store_key" : 1,
		"film_key" : 725,
		"customer_key" : 31,
		"staff_key" : 1,
		"rental_date_key" : 20050823,
		"return_date_key" : 20050830,
		"payment_date_key" : 20050823,
		"amount" : 6.99
	},
	{
		"fact_order_key" : 876,
		"rental_key" : 15816,
		"store_key" : 2,
		"film_key" : 791,
		"customer_key" : 31,
		"staff_key" : 1,
		"rental_date_key" : 20050823,
		"return_date_key" : 20050830,
		"payment_date_key" : 20050823,
		"amount" : 6.99
	},
	{
		"fact_order_key" : 877,
		"rental_key" : 483,
		"store_key" : 1,
		"film_key" : 330,
		"customer_key" : 32,
		"staff_key" : 1,
		"rental_date_key" : 20050823,
		"return_date_key" : 20050830,
		"payment_date_key" : 20050823,
		"amount" : 4.99
	},
	{
		"fact_order_key" : 878,
		"rental_key" : 803,
		"store_key" : 2,
		"film_key" : 350,
		"customer_key" : 32,
		"staff_key" : 2,
		"rental_date_key" : 20050823,
		"return_date_key" : 20050830,
		"payment_date_key" : 20050823,
		"amount" : 4.99
	},
	{
		"fact_order_key" : 879,
		"rental_key" : 1067,
		"store_key" : 1,
		"film_key" : 510,
		"customer_key" : 32,
		"staff_key" : 1,
		"rental_date_key" : 20050823,
		"return_date_key" : 20050830,
		"payment_date_key" : 20050823,
		"amount" : 4.99
	},
	{
		"fact_order_key" : 880,
		"rental_key" : 1887,
		"store_key" : 1,
		"film_key" : 785,
		"customer_key" : 32,
		"staff_key" : 2,
		"rental_date_key" : 20050823,
		"return_date_key" : 20050830,
		"payment_date_key" : 20050823,
		"amount" : 6.99
	},
	{
		"fact_order_key" : 881,
		"rental_key" : 2160,
		"store_key" : 2,
		"film_key" : 358,
		"customer_key" : 32,
		"staff_key" : 1,
		"rental_date_key" : 20050823,
		"return_date_key" : 20050830,
		"payment_date_key" : 20050823,
		"amount" : 0.99
	},
	{
		"fact_order_key" : 882,
		"rental_key" : 2624,
		"store_key" : 1,
		"film_key" : 676,
		"customer_key" : 32,
		"staff_key" : 1,
		"rental_date_key" : 20050823,
		"return_date_key" : 20050830,
		"payment_date_key" : 20050823,
		"amount" : 5.99
	},
	{
		"fact_order_key" : 883,
		"rental_key" : 2891,
		"store_key" : 1,
		"film_key" : 76,
		"customer_key" : 32,
		"staff_key" : 1,
		"rental_date_key" : 20050823,
		"return_date_key" : 20050830,
		"payment_date_key" : 20050823,
		"amount" : 1.99
	},
	{
		"fact_order_key" : 884,
		"rental_key" : 3500,
		"store_key" : 2,
		"film_key" : 534,
		"customer_key" : 32,
		"staff_key" : 2,
		"rental_date_key" : 20050823,
		"return_date_key" : 20050830,
		"payment_date_key" : 20050823,
		"amount" : 2.99
	},
	{
		"fact_order_key" : 885,
		"rental_key" : 4434,
		"store_key" : 2,
		"film_key" : 391,
		"customer_key" : 32,
		"staff_key" : 1,
		"rental_date_key" : 20050823,
		"return_date_key" : 20050830,
		"payment_date_key" : 20050823,
		"amount" : 2.99
	},
	{
		"fact_order_key" : 886,
		"rental_key" : 4771,
		"store_key" : 2,
		"film_key" : 235,
		"customer_key" : 32,
		"staff_key" : 1,
		"rental_date_key" : 20050823,
		"return_date_key" : 20050830,
		"payment_date_key" : 20050823,
		"amount" : 2.99
	},
	{
		"fact_order_key" : 887,
		"rental_key" : 4899,
		"store_key" : 1,
		"film_key" : 91,
		"customer_key" : 32,
		"staff_key" : 1,
		"rental_date_key" : 20050823,
		"return_date_key" : 20050830,
		"payment_date_key" : 20050823,
		"amount" : 0.99
	},
	{
		"fact_order_key" : 888,
		"rental_key" : 5307,
		"store_key" : 2,
		"film_key" : 624,
		"customer_key" : 32,
		"staff_key" : 2,
		"rental_date_key" : 20050823,
		"return_date_key" : 20050830,
		"payment_date_key" : 20050823,
		"amount" : 9.99
	},
	{
		"fact_order_key" : 889,
		"rental_key" : 5767,
		"store_key" : 2,
		"film_key" : 629,
		"customer_key" : 32,
		"staff_key" : 2,
		"rental_date_key" : 20050823,
		"return_date_key" : 20050830,
		"payment_date_key" : 20050823,
		"amount" : 0.99
	},
	{
		"fact_order_key" : 890,
		"rental_key" : 5954,
		"store_key" : 2,
		"film_key" : 576,
		"customer_key" : 32,
		"staff_key" : 2,
		"rental_date_key" : 20050823,
		"return_date_key" : 20050830,
		"payment_date_key" : 20050823,
		"amount" : 2.99
	},
	{
		"fact_order_key" : 891,
		"rental_key" : 6122,
		"store_key" : 2,
		"film_key" : 478,
		"customer_key" : 32,
		"staff_key" : 1,
		"rental_date_key" : 20050823,
		"return_date_key" : 20050830,
		"payment_date_key" : 20050823,
		"amount" : 3.99
	},
	{
		"fact_order_key" : 892,
		"rental_key" : 6450,
		"store_key" : 2,
		"film_key" : 526,
		"customer_key" : 32,
		"staff_key" : 2,
		"rental_date_key" : 20050823,
		"return_date_key" : 20050830,
		"payment_date_key" : 20050823,
		"amount" : 2.99
	},
	{
		"fact_order_key" : 893,
		"rental_key" : 7084,
		"store_key" : 1,
		"film_key" : 172,
		"customer_key" : 32,
		"staff_key" : 2,
		"rental_date_key" : 20050823,
		"return_date_key" : 20050830,
		"payment_date_key" : 20050823,
		"amount" : 6.99
	},
	{
		"fact_order_key" : 894,
		"rental_key" : 7589,
		"store_key" : 2,
		"film_key" : 344,
		"customer_key" : 32,
		"staff_key" : 1,
		"rental_date_key" : 20050823,
		"return_date_key" : 20050830,
		"payment_date_key" : 20050823,
		"amount" : 5.99
	},
	{
		"fact_order_key" : 895,
		"rental_key" : 7793,
		"store_key" : 2,
		"film_key" : 5,
		"customer_key" : 32,
		"staff_key" : 1,
		"rental_date_key" : 20050823,
		"return_date_key" : 20050830,
		"payment_date_key" : 20050823,
		"amount" : 2.99
	},
	{
		"fact_order_key" : 896,
		"rental_key" : 8390,
		"store_key" : 1,
		"film_key" : 127,
		"customer_key" : 32,
		"staff_key" : 2,
		"rental_date_key" : 20050823,
		"return_date_key" : 20050830,
		"payment_date_key" : 20050823,
		"amount" : 5.99
	},
	{
		"fact_order_key" : 897,
		"rental_key" : 8453,
		"store_key" : 2,
		"film_key" : 638,
		"customer_key" : 32,
		"staff_key" : 1,
		"rental_date_key" : 20050823,
		"return_date_key" : 20050830,
		"payment_date_key" : 20050823,
		"amount" : 2.99
	},
	{
		"fact_order_key" : 898,
		"rental_key" : 8914,
		"store_key" : 2,
		"film_key" : 297,
		"customer_key" : 32,
		"staff_key" : 1,
		"rental_date_key" : 20050823,
		"return_date_key" : 20050830,
		"payment_date_key" : 20050823,
		"amount" : 2.99
	},
	{
		"fact_order_key" : 899,
		"rental_key" : 11135,
		"store_key" : 2,
		"film_key" : 174,
		"customer_key" : 32,
		"staff_key" : 2,
		"rental_date_key" : 20050823,
		"return_date_key" : 20050830,
		"payment_date_key" : 20050823,
		"amount" : 4.99
	},
	{
		"fact_order_key" : 900,
		"rental_key" : 11831,
		"store_key" : 2,
		"film_key" : 995,
		"customer_key" : 32,
		"staff_key" : 1,
		"rental_date_key" : 20050823,
		"return_date_key" : 20050830,
		"payment_date_key" : 20050823,
		"amount" : 4.99
	},
	{
		"fact_order_key" : 901,
		"rental_key" : 12414,
		"store_key" : 1,
		"film_key" : 973,
		"customer_key" : 32,
		"staff_key" : 2,
		"rental_date_key" : 20050823,
		"return_date_key" : 20050830,
		"payment_date_key" : 20050823,
		"amount" : 9.99
	},
	{
		"fact_order_key" : 902,
		"rental_key" : 13736,
		"store_key" : 1,
		"film_key" : 739,
		"customer_key" : 32,
		"staff_key" : 1,
		"rental_date_key" : 20050823,
		"return_date_key" : 20050830,
		"payment_date_key" : 20050823,
		"amount" : 8.99
	},
	{
		"fact_order_key" : 903,
		"rental_key" : 13931,
		"store_key" : 1,
		"film_key" : 849,
		"customer_key" : 32,
		"staff_key" : 2,
		"rental_date_key" : 20050823,
		"return_date_key" : 20050830,
		"payment_date_key" : 20050823,
		"amount" : 1.99
	},
	{
		"fact_order_key" : 904,
		"rental_key" : 14075,
		"store_key" : 2,
		"film_key" : 830,
		"customer_key" : 32,
		"staff_key" : 2,
		"rental_date_key" : 20050823,
		"return_date_key" : 20050830,
		"payment_date_key" : 20050823,
		"amount" : 0.99
	},
	{
		"fact_order_key" : 905,
		"rental_key" : 14570,
		"store_key" : 1,
		"film_key" : 213,
		"customer_key" : 32,
		"staff_key" : 2,
		"rental_date_key" : 20050823,
		"return_date_key" : 20050830,
		"payment_date_key" : 20050823,
		"amount" : 5.99
	},
	{
		"fact_order_key" : 906,
		"rental_key" : 165,
		"store_key" : 1,
		"film_key" : 600,
		"customer_key" : 33,
		"staff_key" : 1,
		"rental_date_key" : 20050823,
		"return_date_key" : 20050830,
		"payment_date_key" : 20050823,
		"amount" : 2.99
	},
	{
		"fact_order_key" : 907,
		"rental_key" : 1301,
		"store_key" : 2,
		"film_key" : 324,
		"customer_key" : 33,
		"staff_key" : 2,
		"rental_date_key" : 20050823,
		"return_date_key" : 20050830,
		"payment_date_key" : 20050823,
		"amount" : 10.99
	},
	{
		"fact_order_key" : 908,
		"rental_key" : 3173,
		"store_key" : 1,
		"film_key" : 938,
		"customer_key" : 33,
		"staff_key" : 2,
		"rental_date_key" : 20050823,
		"return_date_key" : 20050830,
		"payment_date_key" : 20050823,
		"amount" : 8.99
	},
	{
		"fact_order_key" : 909,
		"rental_key" : 4095,
		"store_key" : 2,
		"film_key" : 637,
		"customer_key" : 33,
		"staff_key" : 2,
		"rental_date_key" : 20050823,
		"return_date_key" : 20050830,
		"payment_date_key" : 20050823,
		"amount" : 5.99
	},
	{
		"fact_order_key" : 910,
		"rental_key" : 5421,
		"store_key" : 2,
		"film_key" : 531,
		"customer_key" : 33,
		"staff_key" : 1,
		"rental_date_key" : 20050823,
		"return_date_key" : 20050830,
		"payment_date_key" : 20050823,
		"amount" : 0.99
	},
	{
		"fact_order_key" : 911,
		"rental_key" : 5723,
		"store_key" : 2,
		"film_key" : 131,
		"customer_key" : 33,
		"staff_key" : 2,
		"rental_date_key" : 20050823,
		"return_date_key" : 20050830,
		"payment_date_key" : 20050823,
		"amount" : 4.99
	},
	{
		"fact_order_key" : 912,
		"rental_key" : 6280,
		"store_key" : 1,
		"film_key" : 882,
		"customer_key" : 33,
		"staff_key" : 2,
		"rental_date_key" : 20050823,
		"return_date_key" : 20050830,
		"payment_date_key" : 20050823,
		"amount" : 0.99
	},
	{
		"fact_order_key" : 913,
		"rental_key" : 7992,
		"store_key" : 1,
		"film_key" : 403,
		"customer_key" : 33,
		"staff_key" : 1,
		"rental_date_key" : 20050823,
		"return_date_key" : 20050830,
		"payment_date_key" : 20050823,
		"amount" : 4.99
	},
	{
		"fact_order_key" : 914,
		"rental_key" : 9040,
		"store_key" : 2,
		"film_key" : 86,
		"customer_key" : 33,
		"staff_key" : 1,
		"rental_date_key" : 20050823,
		"return_date_key" : 20050830,
		"payment_date_key" : 20050823,
		"amount" : 4.99
	},
	{
		"fact_order_key" : 915,
		"rental_key" : 9085,
		"store_key" : 2,
		"film_key" : 745,
		"customer_key" : 33,
		"staff_key" : 2,
		"rental_date_key" : 20050823,
		"return_date_key" : 20050830,
		"payment_date_key" : 20050823,
		"amount" : 4.99
	},
	{
		"fact_order_key" : 916,
		"rental_key" : 9254,
		"store_key" : 1,
		"film_key" : 110,
		"customer_key" : 33,
		"staff_key" : 1,
		"rental_date_key" : 20050823,
		"return_date_key" : 20050830,
		"payment_date_key" : 20050823,
		"amount" : 1.99
	},
	{
		"fact_order_key" : 917,
		"rental_key" : 10335,
		"store_key" : 1,
		"film_key" : 72,
		"customer_key" : 33,
		"staff_key" : 1,
		"rental_date_key" : 20050823,
		"return_date_key" : 20050830,
		"payment_date_key" : 20050823,
		"amount" : 2.99
	},
	{
		"fact_order_key" : 918,
		"rental_key" : 10870,
		"store_key" : 1,
		"film_key" : 330,
		"customer_key" : 33,
		"staff_key" : 2,
		"rental_date_key" : 20050823,
		"return_date_key" : 20050830,
		"payment_date_key" : 20050823,
		"amount" : 4.99
	},
	{
		"fact_order_key" : 919,
		"rental_key" : 13241,
		"store_key" : 1,
		"film_key" : 682,
		"customer_key" : 33,
		"staff_key" : 2,
		"rental_date_key" : 20050823,
		"return_date_key" : 20050830,
		"payment_date_key" : 20050823,
		"amount" : 7.99
	},
	{
		"fact_order_key" : 920,
		"rental_key" : 13858,
		"store_key" : 1,
		"film_key" : 468,
		"customer_key" : 33,
		"staff_key" : 2,
		"rental_date_key" : 20050823,
		"return_date_key" : 20050830,
		"payment_date_key" : 20050823,
		"amount" : 2.99
	},
	{
		"fact_order_key" : 921,
		"rental_key" : 13958,
		"store_key" : 2,
		"film_key" : 519,
		"customer_key" : 33,
		"staff_key" : 1,
		"rental_date_key" : 20050823,
		"return_date_key" : 20050830,
		"payment_date_key" : 20050823,
		"amount" : 7.99
	},
	{
		"fact_order_key" : 922,
		"rental_key" : 14002,
		"store_key" : 1,
		"film_key" : 18,
		"customer_key" : 33,
		"staff_key" : 1,
		"rental_date_key" : 20050823,
		"return_date_key" : 20050830,
		"payment_date_key" : 20050823,
		"amount" : 0.99
	},
	{
		"fact_order_key" : 923,
		"rental_key" : 14623,
		"store_key" : 2,
		"film_key" : 200,
		"customer_key" : 33,
		"staff_key" : 2,
		"rental_date_key" : 20050823,
		"return_date_key" : 20050830,
		"payment_date_key" : 20050823,
		"amount" : 0.99
	},
	{
		"fact_order_key" : 924,
		"rental_key" : 15096,
		"store_key" : 2,
		"film_key" : 432,
		"customer_key" : 33,
		"staff_key" : 2,
		"rental_date_key" : 20050823,
		"return_date_key" : 20050830,
		"payment_date_key" : 20050823,
		"amount" : 5.99
	},
	{
		"fact_order_key" : 925,
		"rental_key" : 15115,
		"store_key" : 2,
		"film_key" : 378,
		"customer_key" : 33,
		"staff_key" : 1,
		"rental_date_key" : 20050823,
		"return_date_key" : 20050830,
		"payment_date_key" : 20050823,
		"amount" : 2.99
	},
	{
		"fact_order_key" : 926,
		"rental_key" : 12277,
		"store_key" : 1,
		"film_key" : 90,
		"customer_key" : 33,
		"staff_key" : 2,
		"rental_date_key" : 20050823,
		"return_date_key" : 20050830,
		"payment_date_key" : 20050823,
		"amount" : 0.99
	},
	{
		"fact_order_key" : 927,
		"rental_key" : 1900,
		"store_key" : 2,
		"film_key" : 312,
		"customer_key" : 34,
		"staff_key" : 1,
		"rental_date_key" : 20050823,
		"return_date_key" : 20050830,
		"payment_date_key" : 20050823,
		"amount" : 4.99
	},
	{
		"fact_order_key" : 928,
		"rental_key" : 2257,
		"store_key" : 2,
		"film_key" : 624,
		"customer_key" : 34,
		"staff_key" : 1,
		"rental_date_key" : 20050823,
		"return_date_key" : 20050830,
		"payment_date_key" : 20050823,
		"amount" : 5.99
	},
	{
		"fact_order_key" : 929,
		"rental_key" : 3150,
		"store_key" : 1,
		"film_key" : 19,
		"customer_key" : 34,
		"staff_key" : 1,
		"rental_date_key" : 20050823,
		"return_date_key" : 20050830,
		"payment_date_key" : 20050823,
		"amount" : 0.99
	},
	{
		"fact_order_key" : 930,
		"rental_key" : 3508,
		"store_key" : 2,
		"film_key" : 519,
		"customer_key" : 34,
		"staff_key" : 2,
		"rental_date_key" : 20050823,
		"return_date_key" : 20050830,
		"payment_date_key" : 20050823,
		"amount" : 3.99
	},
	{
		"fact_order_key" : 931,
		"rental_key" : 3911,
		"store_key" : 1,
		"film_key" : 993,
		"customer_key" : 34,
		"staff_key" : 1,
		"rental_date_key" : 20050823,
		"return_date_key" : 20050830,
		"payment_date_key" : 20050823,
		"amount" : 2.99
	},
	{
		"fact_order_key" : 932,
		"rental_key" : 5188,
		"store_key" : 1,
		"film_key" : 719,
		"customer_key" : 34,
		"staff_key" : 1,
		"rental_date_key" : 20050823,
		"return_date_key" : 20050830,
		"payment_date_key" : 20050823,
		"amount" : 4.99
	},
	{
		"fact_order_key" : 933,
		"rental_key" : 5643,
		"store_key" : 1,
		"film_key" : 174,
		"customer_key" : 34,
		"staff_key" : 1,
		"rental_date_key" : 20050823,
		"return_date_key" : 20050830,
		"payment_date_key" : 20050823,
		"amount" : 4.99
	},
	{
		"fact_order_key" : 934,
		"rental_key" : 5918,
		"store_key" : 1,
		"film_key" : 24,
		"customer_key" : 34,
		"staff_key" : 1,
		"rental_date_key" : 20050823,
		"return_date_key" : 20050830,
		"payment_date_key" : 20050823,
		"amount" : 5.99
	},
	{
		"fact_order_key" : 935,
		"rental_key" : 7015,
		"store_key" : 1,
		"film_key" : 83,
		"customer_key" : 34,
		"staff_key" : 2,
		"rental_date_key" : 20050823,
		"return_date_key" : 20050830,
		"payment_date_key" : 20050823,
		"amount" : 2.99
	},
	{
		"fact_order_key" : 936,
		"rental_key" : 7124,
		"store_key" : 2,
		"film_key" : 756,
		"customer_key" : 34,
		"staff_key" : 1,
		"rental_date_key" : 20050823,
		"return_date_key" : 20050830,
		"payment_date_key" : 20050823,
		"amount" : 2.99
	},
	{
		"fact_order_key" : 937,
		"rental_key" : 7532,
		"store_key" : 2,
		"film_key" : 147,
		"customer_key" : 34,
		"staff_key" : 1,
		"rental_date_key" : 20050823,
		"return_date_key" : 20050830,
		"payment_date_key" : 20050823,
		"amount" : 0.99
	},
	{
		"fact_order_key" : 938,
		"rental_key" : 9160,
		"store_key" : 2,
		"film_key" : 40,
		"customer_key" : 34,
		"staff_key" : 2,
		"rental_date_key" : 20050823,
		"return_date_key" : 20050830,
		"payment_date_key" : 20050823,
		"amount" : 3.99
	},
	{
		"fact_order_key" : 939,
		"rental_key" : 10523,
		"store_key" : 2,
		"film_key" : 525,
		"customer_key" : 34,
		"staff_key" : 1,
		"rental_date_key" : 20050823,
		"return_date_key" : 20050830,
		"payment_date_key" : 20050823,
		"amount" : 0.99
	},
	{
		"fact_order_key" : 940,
		"rental_key" : 10615,
		"store_key" : 1,
		"film_key" : 579,
		"customer_key" : 34,
		"staff_key" : 1,
		"rental_date_key" : 20050823,
		"return_date_key" : 20050830,
		"payment_date_key" : 20050823,
		"amount" : 4.99
	},
	{
		"fact_order_key" : 941,
		"rental_key" : 11096,
		"store_key" : 2,
		"film_key" : 314,
		"customer_key" : 34,
		"staff_key" : 2,
		"rental_date_key" : 20050823,
		"return_date_key" : 20050830,
		"payment_date_key" : 20050823,
		"amount" : 0.99
	},
	{
		"fact_order_key" : 942,
		"rental_key" : 11505,
		"store_key" : 1,
		"film_key" : 735,
		"customer_key" : 34,
		"staff_key" : 2,
		"rental_date_key" : 20050823,
		"return_date_key" : 20050830,
		"payment_date_key" : 20050823,
		"amount" : 2.99
	},
	{
		"fact_order_key" : 943,
		"rental_key" : 11701,
		"store_key" : 1,
		"film_key" : 222,
		"customer_key" : 34,
		"staff_key" : 2,
		"rental_date_key" : 20050823,
		"return_date_key" : 20050830,
		"payment_date_key" : 20050823,
		"amount" : 4.99
	},
	{
		"fact_order_key" : 944,
		"rental_key" : 12286,
		"store_key" : 1,
		"film_key" : 815,
		"customer_key" : 34,
		"staff_key" : 2,
		"rental_date_key" : 20050823,
		"return_date_key" : 20050830,
		"payment_date_key" : 20050823,
		"amount" : 2.99
	},
	{
		"fact_order_key" : 945,
		"rental_key" : 12599,
		"store_key" : 1,
		"film_key" : 443,
		"customer_key" : 34,
		"staff_key" : 2,
		"rental_date_key" : 20050823,
		"return_date_key" : 20050830,
		"payment_date_key" : 20050823,
		"amount" : 2.99
	},
	{
		"fact_order_key" : 946,
		"rental_key" : 12651,
		"store_key" : 2,
		"film_key" : 1,
		"customer_key" : 34,
		"staff_key" : 1,
		"rental_date_key" : 20050823,
		"return_date_key" : 20050830,
		"payment_date_key" : 20050823,
		"amount" : 0.99
	},
	{
		"fact_order_key" : 947,
		"rental_key" : 13371,
		"store_key" : 1,
		"film_key" : 746,
		"customer_key" : 34,
		"staff_key" : 2,
		"rental_date_key" : 20050823,
		"return_date_key" : 20050830,
		"payment_date_key" : 20050823,
		"amount" : 4.99
	},
	{
		"fact_order_key" : 948,
		"rental_key" : 13949,
		"store_key" : 2,
		"film_key" : 331,
		"customer_key" : 34,
		"staff_key" : 1,
		"rental_date_key" : 20050823,
		"return_date_key" : 20050830,
		"payment_date_key" : 20050823,
		"amount" : 2.99
	},
	{
		"fact_order_key" : 949,
		"rental_key" : 14686,
		"store_key" : 2,
		"film_key" : 177,
		"customer_key" : 34,
		"staff_key" : 1,
		"rental_date_key" : 20050823,
		"return_date_key" : 20050830,
		"payment_date_key" : 20050823,
		"amount" : 5.99
	},
	{
		"fact_order_key" : 950,
		"rental_key" : 14701,
		"store_key" : 2,
		"film_key" : 665,
		"customer_key" : 34,
		"staff_key" : 1,
		"rental_date_key" : 20050823,
		"return_date_key" : 20050830,
		"payment_date_key" : 20050823,
		"amount" : 7.99
	},
	{
		"fact_order_key" : 951,
		"rental_key" : 47,
		"store_key" : 2,
		"film_key" : 478,
		"customer_key" : 35,
		"staff_key" : 1,
		"rental_date_key" : 20050823,
		"return_date_key" : 20050830,
		"payment_date_key" : 20050823,
		"amount" : 3.99
	},
	{
		"fact_order_key" : 952,
		"rental_key" : 424,
		"store_key" : 2,
		"film_key" : 618,
		"customer_key" : 35,
		"staff_key" : 1,
		"rental_date_key" : 20050823,
		"return_date_key" : 20050830,
		"payment_date_key" : 20050823,
		"amount" : 6.99
	},
	{
		"fact_order_key" : 953,
		"rental_key" : 1579,
		"store_key" : 2,
		"film_key" : 34,
		"customer_key" : 35,
		"staff_key" : 2,
		"rental_date_key" : 20050823,
		"return_date_key" : 20050830,
		"payment_date_key" : 20050823,
		"amount" : 0.99
	},
	{
		"fact_order_key" : 954,
		"rental_key" : 1989,
		"store_key" : 1,
		"film_key" : 138,
		"customer_key" : 35,
		"staff_key" : 1,
		"rental_date_key" : 20050823,
		"return_date_key" : 20050830,
		"payment_date_key" : 20050823,
		"amount" : 2.99
	},
	{
		"fact_order_key" : 955,
		"rental_key" : 2229,
		"store_key" : 2,
		"film_key" : 623,
		"customer_key" : 35,
		"staff_key" : 2,
		"rental_date_key" : 20050823,
		"return_date_key" : 20050830,
		"payment_date_key" : 20050823,
		"amount" : 4.99
	},
	{
		"fact_order_key" : 956,
		"rental_key" : 2231,
		"store_key" : 2,
		"film_key" : 493,
		"customer_key" : 35,
		"staff_key" : 1,
		"rental_date_key" : 20050823,
		"return_date_key" : 20050830,
		"payment_date_key" : 20050823,
		"amount" : 0.99
	},
	{
		"fact_order_key" : 957,
		"rental_key" : 2743,
		"store_key" : 2,
		"film_key" : 572,
		"customer_key" : 35,
		"staff_key" : 1,
		"rental_date_key" : 20050823,
		"return_date_key" : 20050830,
		"payment_date_key" : 20050823,
		"amount" : 2.99
	},
	{
		"fact_order_key" : 958,
		"rental_key" : 3112,
		"store_key" : 2,
		"film_key" : 814,
		"customer_key" : 35,
		"staff_key" : 1,
		"rental_date_key" : 20050823,
		"return_date_key" : 20050830,
		"payment_date_key" : 20050823,
		"amount" : 4.99
	},
	{
		"fact_order_key" : 959,
		"rental_key" : 3597,
		"store_key" : 1,
		"film_key" : 890,
		"customer_key" : 35,
		"staff_key" : 2,
		"rental_date_key" : 20050823,
		"return_date_key" : 20050830,
		"payment_date_key" : 20050823,
		"amount" : 2.99
	},
	{
		"fact_order_key" : 960,
		"rental_key" : 4098,
		"store_key" : 1,
		"film_key" : 628,
		"customer_key" : 35,
		"staff_key" : 2,
		"rental_date_key" : 20050823,
		"return_date_key" : 20050830,
		"payment_date_key" : 20050823,
		"amount" : 4.99
	},
	{
		"fact_order_key" : 961,
		"rental_key" : 4990,
		"store_key" : 2,
		"film_key" : 727,
		"customer_key" : 35,
		"staff_key" : 2,
		"rental_date_key" : 20050823,
		"return_date_key" : 20050830,
		"payment_date_key" : 20050823,
		"amount" : 0.99
	},
	{
		"fact_order_key" : 962,
		"rental_key" : 5013,
		"store_key" : 2,
		"film_key" : 658,
		"customer_key" : 35,
		"staff_key" : 1,
		"rental_date_key" : 20050823,
		"return_date_key" : 20050830,
		"payment_date_key" : 20050823,
		"amount" : 2.99
	},
	{
		"fact_order_key" : 963,
		"rental_key" : 5323,
		"store_key" : 2,
		"film_key" : 287,
		"customer_key" : 35,
		"staff_key" : 1,
		"rental_date_key" : 20050823,
		"return_date_key" : 20050830,
		"payment_date_key" : 20050823,
		"amount" : 0.99
	},
	{
		"fact_order_key" : 964,
		"rental_key" : 5916,
		"store_key" : 2,
		"film_key" : 489,
		"customer_key" : 35,
		"staff_key" : 1,
		"rental_date_key" : 20050823,
		"return_date_key" : 20050830,
		"payment_date_key" : 20050823,
		"amount" : 5.99
	},
	{
		"fact_order_key" : 965,
		"rental_key" : 5963,
		"store_key" : 1,
		"film_key" : 970,
		"customer_key" : 35,
		"staff_key" : 1,
		"rental_date_key" : 20050823,
		"return_date_key" : 20050830,
		"payment_date_key" : 20050823,
		"amount" : 0.99
	},
	{
		"fact_order_key" : 966,
		"rental_key" : 6147,
		"store_key" : 1,
		"film_key" : 202,
		"customer_key" : 35,
		"staff_key" : 1,
		"rental_date_key" : 20050823,
		"return_date_key" : 20050830,
		"payment_date_key" : 20050823,
		"amount" : 5.99
	},
	{
		"fact_order_key" : 967,
		"rental_key" : 6401,
		"store_key" : 2,
		"film_key" : 312,
		"customer_key" : 35,
		"staff_key" : 2,
		"rental_date_key" : 20050823,
		"return_date_key" : 20050830,
		"payment_date_key" : 20050823,
		"amount" : 4.99
	},
	{
		"fact_order_key" : 968,
		"rental_key" : 6565,
		"store_key" : 1,
		"film_key" : 603,
		"customer_key" : 35,
		"staff_key" : 2,
		"rental_date_key" : 20050823,
		"return_date_key" : 20050830,
		"payment_date_key" : 20050823,
		"amount" : 4.99
	},
	{
		"fact_order_key" : 969,
		"rental_key" : 6572,
		"store_key" : 1,
		"film_key" : 686,
		"customer_key" : 35,
		"staff_key" : 1,
		"rental_date_key" : 20050823,
		"return_date_key" : 20050830,
		"payment_date_key" : 20050823,
		"amount" : 4.99
	},
	{
		"fact_order_key" : 970,
		"rental_key" : 7140,
		"store_key" : 1,
		"film_key" : 441,
		"customer_key" : 35,
		"staff_key" : 2,
		"rental_date_key" : 20050823,
		"return_date_key" : 20050830,
		"payment_date_key" : 20050823,
		"amount" : 4.99
	},
	{
		"fact_order_key" : 971,
		"rental_key" : 8822,
		"store_key" : 2,
		"film_key" : 162,
		"customer_key" : 35,
		"staff_key" : 2,
		"rental_date_key" : 20050823,
		"return_date_key" : 20050830,
		"payment_date_key" : 20050823,
		"amount" : 6.99
	},
	{
		"fact_order_key" : 972,
		"rental_key" : 8971,
		"store_key" : 1,
		"film_key" : 782,
		"customer_key" : 35,
		"staff_key" : 2,
		"rental_date_key" : 20050823,
		"return_date_key" : 20050830,
		"payment_date_key" : 20050823,
		"amount" : 5.99
	},
	{
		"fact_order_key" : 973,
		"rental_key" : 9033,
		"store_key" : 2,
		"film_key" : 748,
		"customer_key" : 35,
		"staff_key" : 1,
		"rental_date_key" : 20050823,
		"return_date_key" : 20050830,
		"payment_date_key" : 20050823,
		"amount" : 2.99
	},
	{
		"fact_order_key" : 974,
		"rental_key" : 9579,
		"store_key" : 2,
		"film_key" : 775,
		"customer_key" : 35,
		"staff_key" : 2,
		"rental_date_key" : 20050823,
		"return_date_key" : 20050830,
		"payment_date_key" : 20050823,
		"amount" : 6.99
	},
	{
		"fact_order_key" : 975,
		"rental_key" : 11298,
		"store_key" : 1,
		"film_key" : 363,
		"customer_key" : 35,
		"staff_key" : 1,
		"rental_date_key" : 20050823,
		"return_date_key" : 20050830,
		"payment_date_key" : 20050823,
		"amount" : 1.99
	},
	{
		"fact_order_key" : 976,
		"rental_key" : 11452,
		"store_key" : 1,
		"film_key" : 275,
		"customer_key" : 35,
		"staff_key" : 1,
		"rental_date_key" : 20050823,
		"return_date_key" : 20050830,
		"payment_date_key" : 20050823,
		"amount" : 7.99
	},
	{
		"fact_order_key" : 977,
		"rental_key" : 11645,
		"store_key" : 1,
		"film_key" : 927,
		"customer_key" : 35,
		"staff_key" : 1,
		"rental_date_key" : 20050823,
		"return_date_key" : 20050830,
		"payment_date_key" : 20050823,
		"amount" : 4.99
	},
	{
		"fact_order_key" : 978,
		"rental_key" : 12055,
		"store_key" : 1,
		"film_key" : 324,
		"customer_key" : 35,
		"staff_key" : 1,
		"rental_date_key" : 20050823,
		"return_date_key" : 20050830,
		"payment_date_key" : 20050823,
		"amount" : 4.99
	},
	{
		"fact_order_key" : 979,
		"rental_key" : 13735,
		"store_key" : 1,
		"film_key" : 394,
		"customer_key" : 35,
		"staff_key" : 1,
		"rental_date_key" : 20050823,
		"return_date_key" : 20050830,
		"payment_date_key" : 20050823,
		"amount" : 2.99
	},
	{
		"fact_order_key" : 980,
		"rental_key" : 14110,
		"store_key" : 1,
		"film_key" : 595,
		"customer_key" : 35,
		"staff_key" : 2,
		"rental_date_key" : 20050823,
		"return_date_key" : 20050830,
		"payment_date_key" : 20050823,
		"amount" : 0.99
	},
	{
		"fact_order_key" : 981,
		"rental_key" : 14124,
		"store_key" : 2,
		"film_key" : 69,
		"customer_key" : 35,
		"staff_key" : 2,
		"rental_date_key" : 20050823,
		"return_date_key" : 20050830,
		"payment_date_key" : 20050823,
		"amount" : 2.99
	},
	{
		"fact_order_key" : 982,
		"rental_key" : 14735,
		"store_key" : 1,
		"film_key" : 212,
		"customer_key" : 35,
		"staff_key" : 1,
		"rental_date_key" : 20050823,
		"return_date_key" : 20050830,
		"payment_date_key" : 20050823,
		"amount" : 4.99
	},
	{
		"fact_order_key" : 983,
		"rental_key" : 349,
		"store_key" : 2,
		"film_key" : 641,
		"customer_key" : 36,
		"staff_key" : 2,
		"rental_date_key" : 20050823,
		"return_date_key" : 20050830,
		"payment_date_key" : 20050823,
		"amount" : 0.99
	},
	{
		"fact_order_key" : 984,
		"rental_key" : 716,
		"store_key" : 2,
		"film_key" : 17,
		"customer_key" : 36,
		"staff_key" : 2,
		"rental_date_key" : 20050823,
		"return_date_key" : 20050830,
		"payment_date_key" : 20050823,
		"amount" : 0.99
	},
	{
		"fact_order_key" : 985,
		"rental_key" : 2741,
		"store_key" : 1,
		"film_key" : 363,
		"customer_key" : 36,
		"staff_key" : 1,
		"rental_date_key" : 20050823,
		"return_date_key" : 20050830,
		"payment_date_key" : 20050823,
		"amount" : 0.99
	},
	{
		"fact_order_key" : 986,
		"rental_key" : 4135,
		"store_key" : 2,
		"film_key" : 743,
		"customer_key" : 36,
		"staff_key" : 1,
		"rental_date_key" : 20050823,
		"return_date_key" : 20050830,
		"payment_date_key" : 20050823,
		"amount" : 0.99
	},
	{
		"fact_order_key" : 987,
		"rental_key" : 4560,
		"store_key" : 2,
		"film_key" : 68,
		"customer_key" : 36,
		"staff_key" : 1,
		"rental_date_key" : 20050823,
		"return_date_key" : 20050830,
		"payment_date_key" : 20050823,
		"amount" : 4.99
	},
	{
		"fact_order_key" : 988,
		"rental_key" : 4762,
		"store_key" : 1,
		"film_key" : 86,
		"customer_key" : 36,
		"staff_key" : 1,
		"rental_date_key" : 20050823,
		"return_date_key" : 20050830,
		"payment_date_key" : 20050823,
		"amount" : 4.99
	},
	{
		"fact_order_key" : 989,
		"rental_key" : 5403,
		"store_key" : 1,
		"film_key" : 870,
		"customer_key" : 36,
		"staff_key" : 1,
		"rental_date_key" : 20050823,
		"return_date_key" : 20050830,
		"payment_date_key" : 20050823,
		"amount" : 0.99
	},
	{
		"fact_order_key" : 990,
		"rental_key" : 6030,
		"store_key" : 1,
		"film_key" : 19,
		"customer_key" : 36,
		"staff_key" : 2,
		"rental_date_key" : 20050823,
		"return_date_key" : 20050830,
		"payment_date_key" : 20050823,
		"amount" : 0.99
	},
	{
		"fact_order_key" : 991,
		"rental_key" : 7205,
		"store_key" : 1,
		"film_key" : 621,
		"customer_key" : 36,
		"staff_key" : 1,
		"rental_date_key" : 20050823,
		"return_date_key" : 20050830,
		"payment_date_key" : 20050823,
		"amount" : 6.99
	},
	{
		"fact_order_key" : 992,
		"rental_key" : 7647,
		"store_key" : 1,
		"film_key" : 677,
		"customer_key" : 36,
		"staff_key" : 1,
		"rental_date_key" : 20050823,
		"return_date_key" : 20050830,
		"payment_date_key" : 20050823,
		"amount" : 0.99
	},
	{
		"fact_order_key" : 993,
		"rental_key" : 7919,
		"store_key" : 2,
		"film_key" : 462,
		"customer_key" : 36,
		"staff_key" : 1,
		"rental_date_key" : 20050823,
		"return_date_key" : 20050830,
		"payment_date_key" : 20050823,
		"amount" : 6.99
	},
	{
		"fact_order_key" : 994,
		"rental_key" : 8099,
		"store_key" : 2,
		"film_key" : 808,
		"customer_key" : 36,
		"staff_key" : 2,
		"rental_date_key" : 20050823,
		"return_date_key" : 20050830,
		"payment_date_key" : 20050823,
		"amount" : 0.99
	},
	{
		"fact_order_key" : 995,
		"rental_key" : 8391,
		"store_key" : 1,
		"film_key" : 462,
		"customer_key" : 36,
		"staff_key" : 2,
		"rental_date_key" : 20050823,
		"return_date_key" : 20050830,
		"payment_date_key" : 20050823,
		"amount" : 2.99
	},
	{
		"fact_order_key" : 996,
		"rental_key" : 8952,
		"store_key" : 1,
		"film_key" : 961,
		"customer_key" : 36,
		"staff_key" : 1,
		"rental_date_key" : 20050823,
		"return_date_key" : 20050830,
		"payment_date_key" : 20050823,
		"amount" : 4.99
	},
	{
		"fact_order_key" : 997,
		"rental_key" : 9369,
		"store_key" : 2,
		"film_key" : 773,
		"customer_key" : 36,
		"staff_key" : 1,
		"rental_date_key" : 20050823,
		"return_date_key" : 20050830,
		"payment_date_key" : 20050823,
		"amount" : 2.99
	},
	{
		"fact_order_key" : 998,
		"rental_key" : 9805,
		"store_key" : 2,
		"film_key" : 910,
		"customer_key" : 36,
		"staff_key" : 2,
		"rental_date_key" : 20050823,
		"return_date_key" : 20050830,
		"payment_date_key" : 20050823,
		"amount" : 0.99
	},
	{
		"fact_order_key" : 999,
		"rental_key" : 10525,
		"store_key" : 1,
		"film_key" : 835,
		"customer_key" : 36,
		"staff_key" : 1,
		"rental_date_key" : 20050823,
		"return_date_key" : 20050830,
		"payment_date_key" : 20050823,
		"amount" : 2.99
	},
	{
		"fact_order_key" : 1000,
		"rental_key" : 10761,
		"store_key" : 2,
		"film_key" : 864,
		"customer_key" : 36,
		"staff_key" : 2,
		"rental_date_key" : 20050823,
		"return_date_key" : 20050830,
		"payment_date_key" : 20050823,
		"amount" : 2.99
	}
]